document_id;file_name;document_type;source_system;responsible_owner;owner_email;file_created_date;last_modified_date;file_size_mb;full_text;contains_personal_data;PERSON_yes_no;EMAIL_ADDRESS_yes_no;PHONE_NUMBER_yes_no;LOCATION_yes_no;IBAN_CODE_yes_no;CREDIT_CARD_yes_no;PASSPORT_yes_no;NRP_yes_no;DATE_TIME_yes_no;IP_ADDRESS_yes_no;URL_yes_no;MEDICAL_LICENSE_yes_no;personal_data_categories;category_count;difficulty;edge_case;retention_period_exceeded_3y;recommended_split;labeling_notes
DOC-0001;expense_report_finding_0001.pdf;Expense Report;HR Archive;Anna Keller;anna.keller@bosch.example;2020-02-07;2020-02-20;8,65;"Expense Reimbursement (Filled)
Purpose: Example of a completed expense reimbursement record.
Employee: Maria Schmidt (E-20556)
Department: Engineering
Date: 07 Feb 2020
Category: Meals
Amount: 24.90 EUR
Description: Meal during approved business trip.
Additional Person Reference: Maria Schmidt
Email: maria.schmidt@bosch.example
Phone: +49 151 2345 7821
Expense Reimbursement (Filled) - Review
Purpose: Example of a completed expense reimbursement record.
Summary: Total claimed: 24.90 EUR. Policy limits checked.
Manager: Laura König
Decision: Approved
Date: 09 Feb 2020";yes;yes;yes;yes;no;no;no;no;no;no;no;no;no;"first_name; last_name; email_address; phone_number";4;easy;no;yes;train;Straightforward labeled personal-data example.
DOC-0002;expense_report_finding_0002.pdf;Expense Report;Teams Export;Maria Schmidt;maria.schmidt@bosch.example;2020-03-15;2020-04-10;4,52;"Expense Reimbursement (Filled)
Purpose: Example of a completed expense reimbursement record.
Employee: Elena Fischer (E-20503)
Department: Project Management
Date: 15 Mar 2020
Category: Travel
Amount: 128.40 EUR
Description: Train ticket for customer workshop (round trip).
Login Name: efischer08
Email: elena.fischer@bosch.example
Last Login IP: 192.168.12.34
User Record URL: https://grc.example/access/elena-fischer
Expense Reimbursement (Filled) - Review
Purpose: Example of a completed expense reimbursement record.
Summary: Total claimed: 128.40 EUR. Receipts attached.
Manager: Philipp Neumann
Decision: Approved
Date: 17 Mar 2020";yes;no;yes;no;no;no;no;no;no;no;yes;yes;no;"username_login; email_address; ip_address; url";4;easy;no;yes;train;Straightforward labeled personal-data example.
DOC-0003;expense_report_finding_0003.pdf;Expense Report;SharePoint;Tom Nguyen;tom.nguyen@bosch.example;2020-04-21;2020-05-30;4,84;"Expense Reimbursement (Filled)
Purpose: Example of a completed expense reimbursement record.
Employee: Jonas Keller (E-20413)
Department: Project Management
Date: 21 Apr 2020
Category: Travel
Amount: 128.40 EUR
Description: Train ticket for customer workshop (round trip).
Additional Person Reference: Jonas Keller
Home Address: Bachweg 6, 50667 Cologne, Germany
Expense Reimbursement (Filled) - Review
Purpose: Example of a completed expense reimbursement record.
Summary: Total claimed: 128.40 EUR. Receipts attached.
Manager: Philipp Neumann
Decision: Approved
Date: 23 Apr 2020";yes;yes;no;no;yes;no;no;no;no;no;no;no;no;"first_name; last_name; home_address";3;easy;no;yes;train;Straightforward labeled personal-data example.
DOC-0004;expense_report_finding_0004.pdf;Expense Report;Teams Export;Max Wagner;max.wagner@bosch.example;2020-05-28;2020-07-19;1,78;"Expense Reimbursement (Filled)
Purpose: Example of a completed expense reimbursement record.
Employee: Nina Beck (E-20739)
Department: Project Management
Date: 28 May 2020
Category: Travel
Amount: 128.40 EUR
Description: Train ticket for customer workshop (round trip).
Additional Person Reference: Nina Beck
Passport Number: R9V118205
Expense Reimbursement (Filled) - Review
Purpose: Example of a completed expense reimbursement record.
Summary: Total claimed: 128.40 EUR. Receipts attached.
Manager: Philipp Neumann
Decision: Approved
Date: 30 May 2020";yes;yes;no;no;no;no;no;yes;no;no;no;no;no;"passport_number; first_name; last_name";3;easy;no;yes;train;Straightforward labeled personal-data example.
DOC-0005;expense_report_finding_0005.pdf;Expense Report;OneDrive;Lukas Weber;lukas.weber@bosch.example;2020-07-04;2020-09-07;0,74;"Expense Reimbursement (Filled)
Purpose: Example of a completed expense reimbursement record.
Employee: Maria Schmidt (E-20882)
Department: Project Management
Date: 04 Jul 2020
Category: Travel
Amount: 128.40 EUR
Description: Train ticket for customer workshop (round trip).
Additional Person Reference: Maria Schmidt
ID Card Number: L01X-8842197
Expense Reimbursement (Filled) - Review
Purpose: Example of a completed expense reimbursement record.
Summary: Total claimed: 128.40 EUR. Receipts attached.
Manager: Philipp Neumann
Decision: Approved
Date: 06 Jul 2020";yes;yes;no;no;no;no;no;no;yes;no;no;no;no;"id_card_number; first_name; last_name";3;medium;yes;yes;train;Useful for testing ambiguous/OCR/context-heavy personal-data detection.
DOC-0006;expense_report_finding_0006.pdf;Expense Report;OneDrive;Maria Schmidt;maria.schmidt@bosch.example;2020-08-10;2020-10-27;4,07;"Expense Reimbursement (Filled)
Purpose: Example of a completed expense reimbursement record.
Employee: Elena Fischer (E-20529)
Department: Engineering
Date: 10 Aug 2020
Category: Meals
Amount: 24.90 EUR
Description: Meal during approved business trip.
Additional Person Reference: Elena Fischer
Driver's License Number: F-4409-1182-21
Expense Reimbursement (Filled) - Review
Purpose: Example of a completed expense reimbursement record.
Summary: Total claimed: 24.90 EUR. Policy limits checked.
Manager: Laura König
Decision: Approved
Date: 12 Aug 2020";yes;yes;no;no;no;no;no;no;yes;no;no;no;no;"drivers_license_number; first_name; last_name";3;easy;no;yes;train;Straightforward labeled personal-data example.
DOC-0007;expense_report_finding_0007.pdf;Expense Report;HR Archive;Maria Schmidt;maria.schmidt@bosch.example;2020-09-16;2020-12-16;3,76;"Expense Reimbursement (Filled)
Purpose: Example of a completed expense reimbursement record.
Employee: Jonas Keller (E-20680)
Department: Project Management
Date: 16 Sept 2020
Category: Travel
Amount: 128.40 EUR
Description: Train ticket for customer workshop (round trip).
Additional Person Reference: Jonas Keller
Travel History: Bangalore on 2022-09-03, Pune on 2022-09-07, and Chennai on 2022-09-09
Expense Reimbursement (Filled) - Review
Purpose: Example of a completed expense reimbursement record.
Summary: Total claimed: 128.40 EUR. Receipts attached.
Manager: Philipp Neumann
Decision: Approved
Date: 18 Sept 2020";yes;yes;no;no;yes;no;no;no;no;yes;no;no;no;"travel_history; first_name; last_name";3;medium;yes;yes;train;Useful for testing ambiguous/OCR/context-heavy personal-data detection.
DOC-0008;expense_report_finding_0008.pdf;Expense Report;OneDrive;Jonas Fischer;jonas.fischer@bosch.example;2020-10-23;2021-02-04;0,25;"Expense Reimbursement (Filled)
Purpose: Example of a completed expense reimbursement record.
Employee: Nina Beck (E-20608)
Department: Engineering
Date: 23 Oct 2020
Category: Meals
Amount: 24.90 EUR
Description: Meal during approved business trip.
Phone: +49 172 3310 5519
Billing / Shipping Address: Am Markt 5, 01067 Dresden, Germany
IBAN: DE02 1000 0000 0123 4567 89
Corporate Credit Card: 3782 822463 10005
Expense Reimbursement (Filled) - Review
Purpose: Example of a completed expense reimbursement record.
Summary: Total claimed: 24.90 EUR. Policy limits checked.
Manager: Laura König
Decision: Approved
Date: 25 Oct 2020";yes;no;no;yes;yes;yes;yes;no;no;no;no;no;no;"billing_shipping_address; phone_number; bank_account; credit_card";4;easy;no;yes;train;Straightforward labeled personal-data example.
DOC-0009;expense_report_finding_0009.pdf;Expense Report;Teams Export;Max Wagner;max.wagner@bosch.example;2020-11-29;2021-03-26;4,81;"Expense Reimbursement (Filled)
Purpose: Example of a completed expense reimbursement record.
Employee: Maria Schmidt (E-20487)
Department: Project Management
Date: 29 Nov 2020
Category: Travel
Amount: 128.40 EUR
Description: Train ticket for customer workshop (round trip).
Email: maria.schmidt@bosch.example
Fax: +49 711 811 2041
Expense Reimbursement (Filled) - Review
Purpose: Example of a completed expense reimbursement record.
Summary: Total claimed: 128.40 EUR. Receipts attached.
Manager: Philipp Neumann
Decision: Approved
Date: 01 Dec 2020";yes;no;yes;yes;no;no;no;no;no;no;no;no;no;"fax_number; email_address";2;easy;no;yes;train;Straightforward labeled personal-data example.
DOC-0010;expense_report_finding_0010.pdf;Expense Report;HR Archive;Priya Nair;priya.nair@bosch.example;2021-01-05;2021-05-15;2,23;"Expense Reimbursement (Filled)
Purpose: Example of a completed expense reimbursement record.
Employee: Elena Fischer (E-20645)
Department: Project Management
Date: 05 Jan 2021
Category: Travel
Amount: 128.40 EUR
Description: Train ticket for customer workshop (round trip).
Additional Person Reference: Elena Fischer
Email: elena dot fischer at bosch dot example
Signature: E. Fischer
Expense Reimbursement (Filled) - Review
Purpose: Example of a completed expense reimbursement record.
Summary: Total claimed: 128.40 EUR. Receipts attached.
Manager: Philipp Neumann
Decision: Approved
Signature: E. Fischer
Date: 07 Jan 2021";yes;yes;yes;no;no;no;no;no;no;no;no;no;no;"signature; first_name; last_name; email_address";4;medium;yes;yes;train;Useful for testing ambiguous/OCR/context-heavy personal-data detection.
DOC-0011;expense_report_finding_0011.pdf;Expense Report;OneDrive;Anna Keller;anna.keller@bosch.example;2021-02-11;2021-07-04;5,36;"Expense Reimbursement (Filled)
Purpose: Example of a completed expense reimbursement record.
Employee: Jonas Keller (E-20686)
Department: Engineering
Date: 11 Feb 2021
Category: Meals
Amount: 24.90 EUR
Description: Meal during approved business trip.
Additional Person Reference: Jonas Keller
Attachment: security_camera_still_keller.jpg shows Jonas Keller next to loading bay B.
Expense Reimbursement (Filled) - Review
Purpose: Example of a completed expense reimbursement record.
Summary: Total claimed: 24.90 EUR. Policy limits checked.
Manager: Laura König
Decision: Approved
Date: 13 Feb 2021";yes;yes;no;no;no;no;no;no;no;no;no;no;no;"photo_video_person; first_name; last_name";3;hard;yes;yes;train;Useful for testing ambiguous/OCR/context-heavy personal-data detection.
DOC-0012;expense_report_finding_0012.pdf;Expense Report;HR Archive;Jonas Fischer;jonas.fischer@bosch.example;2021-03-20;2021-08-23;6,71;"Expense Reimbursement (Filled)
Purpose: Example of a completed expense reimbursement record.
Employee: Nina Beck (E-20459)
Department: Project Management
Date: 20 Mar 2021
Category: Travel
Amount: 128.40 EUR
Description: Train ticket for customer workshop (round trip).
Additional Person Reference: Nina Beck
Date of Birth: 1994-02-19
Medical ID: MED-DE-510483
Health / Accommodation Note: asked for ergonomic seating due to recurring back pain
Expense Reimbursement (Filled) - Review
Purpose: Example of a completed expense reimbursement record.
Summary: Total claimed: 128.40 EUR. Receipts attached.
Manager: Philipp Neumann
Decision: Approved
Date: 22 Mar 2021";yes;yes;no;no;no;no;no;no;no;yes;no;no;yes;"health_data; medical_id; birth_date; first_name; last_name";5;medium;yes;yes;train;Useful for testing ambiguous/OCR/context-heavy personal-data detection.
DOC-0013;expense_report_clean_0013.pdf;Expense Report;SharePoint;Maria Schmidt;maria.schmidt@bosch.example;2021-04-26;2021-10-12;3,62;"Expense Reimbursement (Filled)
Purpose: Example of a completed expense reimbursement record.
Employee: Cost Center Aggregate
Department: Engineering
Date: 26 Apr 2021
Category: Meals
Amount: 24.90 EUR
Description: Aggregated reimbursement control entry.
Expense Reimbursement (Filled) - Review
Purpose: Example of a completed expense reimbursement record.
Summary: Total claimed: 24.90 EUR. Policy limits checked.
Manager: Department Manager
Decision: Approved
Date: 28 Apr 2021
Notes: Training results are aggregated by course and do not contain individual comments from a participant.";no;no;no;no;no;no;no;no;no;no;no;no;no;;0;easy;no;yes;train;Clean negative sample.
DOC-0014;expense_report_clean_0014.pdf;Expense Report;SharePoint;Noah Becker;noah.becker@bosch.example;2021-06-02;2021-12-01;2,97;"Expense Reimbursement (Filled)
Purpose: Example of a completed expense reimbursement record.
Employee: Cost Center Aggregate
Department: Engineering
Date: 02 Jun 2021
Category: Meals
Amount: 24.90 EUR
Description: Aggregated reimbursement control entry.
Expense Reimbursement (Filled) - Review
Purpose: Example of a completed expense reimbursement record.
Summary: Total claimed: 24.90 EUR. Policy limits checked.
Manager: Department Manager
Decision: Approved
Date: 04 Jun 2021
Notes: Blank template fields remain underscores only, matching the unfilled PDF examples.";no;no;no;no;no;no;no;no;no;no;no;no;no;;0;easy;no;yes;train;Clean negative sample.
DOC-0015;expense_report_clean_0015.pdf;Expense Report;OneDrive;Elena Hoffmann;elena.hoffmann@bosch.example;2021-07-09;2022-01-20;1,08;"Expense Form
Purpose: Expense reimbursement.
Employee: ______
Expense: ______
Amount: ______
Date: ______
Expense Form
Purpose: Expense reimbursement.
Summary: ______
Approval: ______
Signature: ______
Notes: Blank template fields remain underscores only, matching the unfilled PDF examples.";no;no;no;no;no;no;no;no;no;no;no;no;no;;0;easy;no;yes;train;Clean negative sample.
DOC-0016;expense_report_clean_0016.pdf;Expense Report;Teams Export;Sofia Hartmann;sofia.hartmann@bosch.example;2021-08-15;2022-03-11;3,09;"Expense Reimbursement (Filled)
Purpose: Example of a completed expense reimbursement record.
Employee: Cost Center Aggregate
Department: Engineering
Date: 15 Aug 2021
Category: Meals
Amount: 24.90 EUR
Description: Aggregated reimbursement control entry.
Expense Reimbursement (Filled) - Review
Purpose: Example of a completed expense reimbursement record.
Summary: Total claimed: 24.90 EUR. Policy limits checked.
Manager: Department Manager
Decision: Approved
Date: 17 Aug 2021
Notes: Blank template fields remain underscores only, matching the unfilled PDF examples.";no;no;no;no;no;no;no;no;no;no;no;no;no;;0;easy;no;yes;train;Clean negative sample.
DOC-0017;expense_report_clean_0017.pdf;Expense Report;Teams Export;Sofia Hartmann;sofia.hartmann@bosch.example;2021-09-21;2022-04-30;6,22;"Expense Reimbursement (Filled)
Purpose: Example of a completed expense reimbursement record.
Employee: Cost Center Aggregate
Department: Engineering
Date: 21 Sept 2021
Category: Meals
Amount: 24.90 EUR
Description: Aggregated reimbursement control entry.
Expense Reimbursement (Filled) - Review
Purpose: Example of a completed expense reimbursement record.
Summary: Total claimed: 24.90 EUR. Policy limits checked.
Manager: Department Manager
Decision: Approved
Date: 23 Sept 2021
Notes: Comments mention 'healthy process' and 'sick pipeline' as metaphors, not health information.";no;no;no;no;no;no;no;no;no;no;no;no;no;;0;hard;yes;yes;train;Negative edge case: looks sensitive but should be no personal data.
DOC-0018;expense_report_clean_0018.pdf;Expense Report;OneDrive;Anna Keller;anna.keller@bosch.example;2021-10-28;2022-06-19;4,83;"Expense Form
Purpose: Expense reimbursement.
Employee: ______
Expense: ______
Amount: ______
Date: ______
Expense Form
Purpose: Expense reimbursement.
Summary: ______
Approval: ______
Signature: ______
Notes: Role-based labels only, such as Team Lead, Facility Coordinator, Procurement Ops, or IT Service Desk.";no;no;no;no;no;no;no;no;no;no;no;no;no;;0;easy;no;yes;train;Clean negative sample.
DOC-0019;expense_report_clean_0019.pdf;Expense Report;Teams Export;Anna Keller;anna.keller@bosch.example;2021-12-04;2022-08-08;2,23;"Expense Form
Purpose: Expense reimbursement.
Employee: ______
Expense: ______
Amount: ______
Date: ______
Expense Form
Purpose: Expense reimbursement.
Summary: ______
Approval: ______
Signature: ______
Notes: Blank template fields remain underscores only, matching the unfilled PDF examples.";no;no;no;no;no;no;no;no;no;no;no;no;no;;0;easy;no;yes;train;Clean negative sample.
DOC-0020;expense_report_clean_0020.pdf;Expense Report;OneDrive;Anna Keller;anna.keller@bosch.example;2022-01-10;2022-09-27;8,08;"Expense Reimbursement (Filled)
Purpose: Example of a completed expense reimbursement record.
Employee: Cost Center Aggregate
Department: Engineering
Date: 10 Jan 2022
Category: Meals
Amount: 24.90 EUR
Description: Aggregated reimbursement control entry.
Expense Reimbursement (Filled) - Review
Purpose: Example of a completed expense reimbursement record.
Summary: Total claimed: 24.90 EUR. Policy limits checked.
Manager: Department Manager
Decision: Approved
Date: 12 Jan 2022
Notes: Role-based labels only, such as Team Lead, Facility Coordinator, Procurement Ops, or IT Service Desk.";no;no;no;no;no;no;no;no;no;no;no;no;no;;0;easy;no;yes;train;Clean negative sample.
DOC-0021;expense_report_clean_0021.pdf;Expense Report;SharePoint;Max Wagner;max.wagner@bosch.example;2022-02-16;2022-11-16;7,31;"Expense Reimbursement (Filled)
Purpose: Example of a completed expense reimbursement record.
Employee: Cost Center Aggregate
Department: Project Management
Date: 16 Feb 2022
Category: Travel
Amount: 128.40 EUR
Description: Aggregated reimbursement control entry.
Expense Reimbursement (Filled) - Review
Purpose: Example of a completed expense reimbursement record.
Summary: Total claimed: 128.40 EUR. Receipts attached.
Manager: Department Manager
Decision: Approved
Date: 18 Feb 2022
Notes: Role-based labels only, such as Team Lead, Facility Coordinator, Procurement Ops, or IT Service Desk.";no;no;no;no;no;no;no;no;no;no;no;no;no;;0;easy;no;yes;train;Clean negative sample.
DOC-0022;expense_report_clean_0022.pdf;Expense Report;SharePoint;Maria Schmidt;maria.schmidt@bosch.example;2022-03-25;2023-01-05;5,19;"Expense Reimbursement (Filled)
Purpose: Example of a completed expense reimbursement record.
Employee: Cost Center Aggregate
Department: Engineering
Date: 25 Mar 2022
Category: Meals
Amount: 24.90 EUR
Description: Aggregated reimbursement control entry.
Expense Reimbursement (Filled) - Review
Purpose: Example of a completed expense reimbursement record.
Summary: Total claimed: 24.90 EUR. Policy limits checked.
Manager: Department Manager
Decision: Approved
Date: 27 Mar 2022
Notes: Department aggregate only; no named participant, employee, manager, reviewer, or contact person is included.";no;no;no;no;no;no;no;no;no;no;no;no;no;;0;easy;no;yes;train;Clean negative sample.
DOC-0023;expense_report_clean_0023.pdf;Expense Report;HR Archive;Jonas Fischer;jonas.fischer@bosch.example;2022-05-01;2023-02-24;4,45;"Expense Form
Purpose: Expense reimbursement.
Employee: ______
Expense: ______
Amount: ______
Date: ______
Expense Form
Purpose: Expense reimbursement.
Summary: ______
Approval: ______
Signature: ______
Notes: Supplier company contact is a generic mailbox and business address, not an individual person's details.";no;no;no;no;no;no;no;no;no;no;no;no;no;;0;easy;no;yes;train;Clean negative sample.
DOC-0024;expense_report_clean_0024.pdf;Expense Report;HR Archive;Maria Schmidt;maria.schmidt@bosch.example;2022-06-07;2023-04-15;4,77;"Expense Reimbursement (Filled)
Purpose: Example of a completed expense reimbursement record.
Employee: Cost Center Aggregate
Department: Project Management
Date: 07 Jun 2022
Category: Travel
Amount: 128.40 EUR
Description: Aggregated reimbursement control entry.
Expense Reimbursement (Filled) - Review
Purpose: Example of a completed expense reimbursement record.
Summary: Total claimed: 128.40 EUR. Receipts attached.
Manager: Department Manager
Decision: Approved
Date: 09 Jun 2022
Notes: Supplier company contact is a generic mailbox and business address, not an individual person's details.";no;no;no;no;no;no;no;no;no;no;no;no;no;;0;easy;no;yes;train;Clean negative sample.
DOC-0025;expense_report_clean_0025.pdf;Expense Report;HR Archive;Max Wagner;max.wagner@bosch.example;2022-07-14;2023-06-04;8,46;"Expense Form
Purpose: Expense reimbursement.
Employee: ______
Expense: ______
Amount: ______
Date: ______
Expense Form
Purpose: Expense reimbursement.
Summary: ______
Approval: ______
Signature: ______
Notes: Supplier company contact is a generic mailbox and business address, not an individual person's details.";no;no;no;no;no;no;no;no;no;no;no;no;no;;0;easy;no;no;train;Clean negative sample.
DOC-0026;expense_report_clean_0026.pdf;Expense Report;Shared Drive;Jonas Fischer;jonas.fischer@bosch.example;2022-08-20;2023-07-24;4,83;"Expense Reimbursement (Filled)
Purpose: Example of a completed expense reimbursement record.
Employee: Cost Center Aggregate
Department: Engineering
Date: 20 Aug 2022
Category: Meals
Amount: 24.90 EUR
Description: Aggregated reimbursement control entry.
Expense Reimbursement (Filled) - Review
Purpose: Example of a completed expense reimbursement record.
Summary: Total claimed: 24.90 EUR. Policy limits checked.
Manager: Department Manager
Decision: Approved
Date: 22 Aug 2022
Notes: Department aggregate only; no named participant, employee, manager, reviewer, or contact person is included.";no;no;no;no;no;no;no;no;no;no;no;no;no;;0;easy;no;no;train;Clean negative sample.
DOC-0027;expense_report_clean_0027.pdf;Expense Report;OneDrive;Max Wagner;max.wagner@bosch.example;2022-09-26;2023-09-12;1,26;"Expense Reimbursement (Filled)
Purpose: Example of a completed expense reimbursement record.
Employee: Cost Center Aggregate
Department: Engineering
Date: 26 Sept 2022
Category: Meals
Amount: 24.90 EUR
Description: Aggregated reimbursement control entry.
Expense Reimbursement (Filled) - Review
Purpose: Example of a completed expense reimbursement record.
Summary: Total claimed: 24.90 EUR. Policy limits checked.
Manager: Department Manager
Decision: Approved
Date: 28 Sept 2022
Notes: Role-based labels only, such as Team Lead, Facility Coordinator, Procurement Ops, or IT Service Desk.";no;no;no;no;no;no;no;no;no;no;no;no;no;;0;easy;no;no;train;Clean negative sample.
DOC-0028;expense_report_clean_0028.pdf;Expense Report;Shared Drive;Priya Nair;priya.nair@bosch.example;2022-11-02;2023-11-01;2,87;"Expense Form
Purpose: Expense reimbursement.
Employee: ______
Expense: ______
Amount: ______
Date: ______
Expense Form
Purpose: Expense reimbursement.
Summary: ______
Approval: ______
Signature: ______
Notes: Training results are aggregated by course and do not contain individual comments from a participant.";no;no;no;no;no;no;no;no;no;no;no;no;no;;0;easy;no;no;train;Clean negative sample.
DOC-0029;expense_report_clean_0029.pdf;Expense Report;Teams Export;Tom Nguyen;tom.nguyen@bosch.example;2022-12-09;2023-12-21;5,61;"Expense Reimbursement (Filled)
Purpose: Example of a completed expense reimbursement record.
Employee: Cost Center Aggregate
Department: Engineering
Date: 09 Dec 2022
Category: Meals
Amount: 24.90 EUR
Description: Aggregated reimbursement control entry.
Expense Reimbursement (Filled) - Review
Purpose: Example of a completed expense reimbursement record.
Summary: Total claimed: 24.90 EUR. Policy limits checked.
Manager: Department Manager
Decision: Approved
Date: 11 Dec 2022
Notes: Supplier company contact is a generic mailbox and business address, not an individual person's details.";no;no;no;no;no;no;no;no;no;no;no;no;no;;0;easy;no;no;train;Clean negative sample.
DOC-0030;expense_report_clean_0030.pdf;Expense Report;SharePoint;Maria Schmidt;maria.schmidt@bosch.example;2023-01-15;2024-02-09;4,79;"Expense Reimbursement (Filled)
Purpose: Example of a completed expense reimbursement record.
Employee: Cost Center Aggregate
Department: Engineering
Date: 15 Jan 2023
Category: Meals
Amount: 24.90 EUR
Description: Aggregated reimbursement control entry.
Expense Reimbursement (Filled) - Review
Purpose: Example of a completed expense reimbursement record.
Summary: Total claimed: 24.90 EUR. Policy limits checked.
Manager: Department Manager
Decision: Approved
Date: 17 Jan 2023
Notes: Blank template fields remain underscores only, matching the unfilled PDF examples.";no;no;no;no;no;no;no;no;no;no;no;no;no;;0;easy;no;no;train;Clean negative sample.
DOC-0031;expense_report_clean_0031.pdf;Expense Report;HR Archive;Sofia Hartmann;sofia.hartmann@bosch.example;2023-02-21;2024-03-30;8,29;"Expense Reimbursement (Filled)
Purpose: Example of a completed expense reimbursement record.
Employee: Cost Center Aggregate
Department: Project Management
Date: 21 Feb 2023
Category: Travel
Amount: 128.40 EUR
Description: Aggregated reimbursement control entry.
Expense Reimbursement (Filled) - Review
Purpose: Example of a completed expense reimbursement record.
Summary: Total claimed: 128.40 EUR. Receipts attached.
Manager: Department Manager
Decision: Approved
Date: 23 Feb 2023
Notes: Blank template fields remain underscores only, matching the unfilled PDF examples.";no;no;no;no;no;no;no;no;no;no;no;no;no;;0;easy;no;no;train;Clean negative sample.
DOC-0032;expense_report_clean_0032.pdf;Expense Report;Teams Export;Priya Nair;priya.nair@bosch.example;2023-03-30;2024-05-19;6,31;"Expense Reimbursement (Filled)
Purpose: Example of a completed expense reimbursement record.
Employee: Cost Center Aggregate
Department: Engineering
Date: 30 Mar 2023
Category: Meals
Amount: 24.90 EUR
Description: Aggregated reimbursement control entry.
Expense Reimbursement (Filled) - Review
Purpose: Example of a completed expense reimbursement record.
Summary: Total claimed: 24.90 EUR. Policy limits checked.
Manager: Department Manager
Decision: Approved
Date: 01 Apr 2023
Notes: Supplier company contact is a generic mailbox and business address, not an individual person's details.";no;no;no;no;no;no;no;no;no;no;no;no;no;;0;easy;no;no;train;Clean negative sample.
DOC-0033;expense_report_clean_0033.pdf;Expense Report;SharePoint;Noah Becker;noah.becker@bosch.example;2023-05-06;2024-07-08;2,7;"Expense Form
Purpose: Expense reimbursement.
Employee: ______
Expense: ______
Amount: ______
Date: ______
Expense Form
Purpose: Expense reimbursement.
Summary: ______
Approval: ______
Signature: ______
Notes: Blank template fields remain underscores only, matching the unfilled PDF examples.";no;no;no;no;no;no;no;no;no;no;no;no;no;;0;easy;no;no;train;Clean negative sample.
DOC-0034;expense_report_clean_0034.pdf;Expense Report;Shared Drive;Sofia Hartmann;sofia.hartmann@bosch.example;2023-06-12;2024-08-27;6,1;"Expense Reimbursement (Filled)
Purpose: Example of a completed expense reimbursement record.
Employee: Cost Center Aggregate
Department: Project Management
Date: 12 Jun 2023
Category: Travel
Amount: 128.40 EUR
Description: Aggregated reimbursement control entry.
Expense Reimbursement (Filled) - Review
Purpose: Example of a completed expense reimbursement record.
Summary: Total claimed: 128.40 EUR. Receipts attached.
Manager: Department Manager
Decision: Approved
Date: 14 Jun 2023
Notes: Travel appears as Category: Travel, but there is no traveler history or destination list.";no;no;no;no;no;no;no;no;no;no;no;no;no;;0;hard;yes;no;train;Negative edge case: looks sensitive but should be no personal data.
DOC-0035;expense_report_clean_0035.pdf;Expense Report;OneDrive;Maria Schmidt;maria.schmidt@bosch.example;2023-07-19;2024-10-16;7,7;"Expense Reimbursement (Filled)
Purpose: Example of a completed expense reimbursement record.
Employee: Cost Center Aggregate
Department: Engineering
Date: 19 Jul 2023
Category: Meals
Amount: 24.90 EUR
Description: Aggregated reimbursement control entry.
Expense Reimbursement (Filled) - Review
Purpose: Example of a completed expense reimbursement record.
Summary: Total claimed: 24.90 EUR. Policy limits checked.
Manager: Department Manager
Decision: Approved
Date: 21 Jul 2023
Notes: Department aggregate only; no named participant, employee, manager, reviewer, or contact person is included.";no;no;no;no;no;no;no;no;no;no;no;no;no;;0;easy;no;no;train;Clean negative sample.
DOC-0036;expense_report_clean_0036.pdf;Expense Report;Teams Export;Maria Schmidt;maria.schmidt@bosch.example;2023-08-25;2024-12-05;0,7;"Expense Reimbursement (Filled)
Purpose: Example of a completed expense reimbursement record.
Employee: Cost Center Aggregate
Department: Project Management
Date: 25 Aug 2023
Category: Travel
Amount: 128.40 EUR
Description: Aggregated reimbursement control entry.
Expense Reimbursement (Filled) - Review
Purpose: Example of a completed expense reimbursement record.
Summary: Total claimed: 128.40 EUR. Receipts attached.
Manager: Department Manager
Decision: Approved
Date: 27 Aug 2023
Notes: Training results are aggregated by course and do not contain individual comments from a participant.";no;no;no;no;no;no;no;no;no;no;no;no;no;;0;easy;no;no;train;Clean negative sample.
DOC-0037;expense_report_clean_0037.pdf;Expense Report;OneDrive;Tom Nguyen;tom.nguyen@bosch.example;2023-10-01;2025-01-24;2,09;"Expense Form
Purpose: Expense reimbursement.
Employee: ______
Expense: ______
Amount: ______
Date: ______
Expense Form
Purpose: Expense reimbursement.
Summary: ______
Approval: ______
Signature: ______
Notes: Training results are aggregated by course and do not contain individual comments from a participant.";no;no;no;no;no;no;no;no;no;no;no;no;no;;0;easy;no;no;train;Clean negative sample.
DOC-0038;expense_report_clean_0038.pdf;Expense Report;Shared Drive;Max Wagner;max.wagner@bosch.example;2023-11-07;2025-03-15;8,44;"Expense Reimbursement (Filled)
Purpose: Example of a completed expense reimbursement record.
Employee: Cost Center Aggregate
Department: Engineering
Date: 07 Nov 2023
Category: Meals
Amount: 24.90 EUR
Description: Aggregated reimbursement control entry.
Expense Reimbursement (Filled) - Review
Purpose: Example of a completed expense reimbursement record.
Summary: Total claimed: 24.90 EUR. Policy limits checked.
Manager: Department Manager
Decision: Approved
Date: 09 Nov 2023
Notes: Training results are aggregated by course and do not contain individual comments from a participant.";no;no;no;no;no;no;no;no;no;no;no;no;no;;0;easy;no;no;train;Clean negative sample.
DOC-0039;expense_report_clean_0039.pdf;Expense Report;OneDrive;Tom Nguyen;tom.nguyen@bosch.example;2023-12-14;2025-05-04;0,66;"Expense Form
Purpose: Expense reimbursement.
Employee: ______
Expense: ______
Amount: ______
Date: ______
Expense Form
Purpose: Expense reimbursement.
Summary: ______
Approval: ______
Signature: ______
Notes: Role-based labels only, such as Team Lead, Facility Coordinator, Procurement Ops, or IT Service Desk.";no;no;no;no;no;no;no;no;no;no;no;no;no;;0;easy;no;no;train;Clean negative sample.
DOC-0040;expense_report_clean_0040.pdf;Expense Report;Shared Drive;Maria Schmidt;maria.schmidt@bosch.example;2024-01-20;2025-06-23;1,35;"Expense Reimbursement (Filled)
Purpose: Example of a completed expense reimbursement record.
Employee: Cost Center Aggregate
Department: Project Management
Date: 20 Jan 2024
Category: Travel
Amount: 128.40 EUR
Description: Aggregated reimbursement control entry.
Expense Reimbursement (Filled) - Review
Purpose: Example of a completed expense reimbursement record.
Summary: Total claimed: 128.40 EUR. Receipts attached.
Manager: Department Manager
Decision: Approved
Date: 22 Jan 2024
Notes: Training results are aggregated by course and do not contain individual comments from a participant.";no;no;no;no;no;no;no;no;no;no;no;no;no;;0;easy;no;no;train;Clean negative sample.
DOC-0041;expense_report_clean_0041.pdf;Expense Report;Teams Export;Lukas Weber;lukas.weber@bosch.example;2024-02-26;2025-08-12;0,35;"Expense Reimbursement (Filled)
Purpose: Example of a completed expense reimbursement record.
Employee: Cost Center Aggregate
Department: Engineering
Date: 26 Feb 2024
Category: Meals
Amount: 24.90 EUR
Description: Aggregated reimbursement control entry.
Expense Reimbursement (Filled) - Review
Purpose: Example of a completed expense reimbursement record.
Summary: Total claimed: 24.90 EUR. Policy limits checked.
Manager: Department Manager
Decision: Approved
Date: 28 Feb 2024
Notes: Department aggregate only; no named participant, employee, manager, reviewer, or contact person is included.";no;no;no;no;no;no;no;no;no;no;no;no;no;;0;easy;no;no;train;Clean negative sample.
DOC-0042;expense_report_clean_0042.pdf;Expense Report;Shared Drive;Priya Nair;priya.nair@bosch.example;2024-04-03;2025-10-01;5,22;"Expense Reimbursement (Filled)
Purpose: Example of a completed expense reimbursement record.
Employee: Cost Center Aggregate
Department: Engineering
Date: 03 Apr 2024
Category: Meals
Amount: 24.90 EUR
Description: Aggregated reimbursement control entry.
Expense Reimbursement (Filled) - Review
Purpose: Example of a completed expense reimbursement record.
Summary: Total claimed: 24.90 EUR. Policy limits checked.
Manager: Department Manager
Decision: Approved
Date: 05 Apr 2024
Notes: Supplier company contact is a generic mailbox and business address, not an individual person's details.";no;no;no;no;no;no;no;no;no;no;no;no;no;;0;easy;no;no;train;Clean negative sample.
DOC-0043;expense_report_clean_0043.pdf;Expense Report;Teams Export;Maria Schmidt;maria.schmidt@bosch.example;2024-05-10;2025-11-20;7,45;"Expense Reimbursement (Filled)
Purpose: Example of a completed expense reimbursement record.
Employee: Cost Center Aggregate
Department: Project Management
Date: 10 May 2024
Category: Travel
Amount: 128.40 EUR
Description: Aggregated reimbursement control entry.
Expense Reimbursement (Filled) - Review
Purpose: Example of a completed expense reimbursement record.
Summary: Total claimed: 128.40 EUR. Receipts attached.
Manager: Department Manager
Decision: Approved
Date: 12 May 2024
Notes: Role-based labels only, such as Team Lead, Facility Coordinator, Procurement Ops, or IT Service Desk.";no;no;no;no;no;no;no;no;no;no;no;no;no;;0;easy;no;no;train;Clean negative sample.
DOC-0044;expense_report_clean_0044.pdf;Expense Report;HR Archive;Noah Becker;noah.becker@bosch.example;2024-06-16;2026-01-09;2,3;"Expense Reimbursement (Filled)
Purpose: Example of a completed expense reimbursement record.
Employee: Cost Center Aggregate
Department: Project Management
Date: 16 Jun 2024
Category: Travel
Amount: 128.40 EUR
Description: Aggregated reimbursement control entry.
Expense Reimbursement (Filled) - Review
Purpose: Example of a completed expense reimbursement record.
Summary: Total claimed: 128.40 EUR. Receipts attached.
Manager: Department Manager
Decision: Approved
Date: 18 Jun 2024
Notes: Department aggregate only; no named participant, employee, manager, reviewer, or contact person is included.";no;no;no;no;no;no;no;no;no;no;no;no;no;;0;easy;no;no;train;Clean negative sample.
DOC-0045;expense_report_clean_0045.pdf;Expense Report;HR Archive;Sofia Hartmann;sofia.hartmann@bosch.example;2024-07-23;2026-02-28;5,97;"Expense Reimbursement (Filled)
Purpose: Example of a completed expense reimbursement record.
Employee: Cost Center Aggregate
Department: Project Management
Date: 23 Jul 2024
Category: Travel
Amount: 128.40 EUR
Description: Aggregated reimbursement control entry.
Expense Reimbursement (Filled) - Review
Purpose: Example of a completed expense reimbursement record.
Summary: Total claimed: 128.40 EUR. Receipts attached.
Manager: Department Manager
Decision: Approved
Date: 25 Jul 2024
Notes: Training results are aggregated by course and do not contain individual comments from a participant.";no;no;no;no;no;no;no;no;no;no;no;no;no;;0;easy;no;no;train;Clean negative sample.
DOC-0046;expense_report_clean_0046.pdf;Expense Report;Teams Export;Jonas Fischer;jonas.fischer@bosch.example;2024-08-29;2026-04-19;7,39;"Expense Reimbursement (Filled)
Purpose: Example of a completed expense reimbursement record.
Employee: Cost Center Aggregate
Department: Engineering
Date: 29 Aug 2024
Category: Meals
Amount: 24.90 EUR
Description: Aggregated reimbursement control entry.
Expense Reimbursement (Filled) - Review
Purpose: Example of a completed expense reimbursement record.
Summary: Total claimed: 24.90 EUR. Policy limits checked.
Manager: Department Manager
Decision: Approved
Date: 31 Aug 2024
Notes: Blank template fields remain underscores only, matching the unfilled PDF examples.";no;no;no;no;no;no;no;no;no;no;no;no;no;;0;easy;no;no;train;Clean negative sample.
DOC-0047;expense_report_clean_0047.pdf;Expense Report;SharePoint;Tom Nguyen;tom.nguyen@bosch.example;2024-10-05;2026-06-08;8,29;"Expense Reimbursement (Filled)
Purpose: Example of a completed expense reimbursement record.
Employee: Cost Center Aggregate
Department: Project Management
Date: 05 Oct 2024
Category: Travel
Amount: 128.40 EUR
Description: Aggregated reimbursement control entry.
Expense Reimbursement (Filled) - Review
Purpose: Example of a completed expense reimbursement record.
Summary: Total claimed: 128.40 EUR. Receipts attached.
Manager: Department Manager
Decision: Approved
Date: 07 Oct 2024
Notes: Role-based labels only, such as Team Lead, Facility Coordinator, Procurement Ops, or IT Service Desk.";no;no;no;no;no;no;no;no;no;no;no;no;no;;0;easy;no;no;train;Clean negative sample.
DOC-0048;expense_report_clean_0048.pdf;Expense Report;SharePoint;Jonas Fischer;jonas.fischer@bosch.example;2024-11-11;2026-07-28;3,25;"Expense Reimbursement (Filled)
Purpose: Example of a completed expense reimbursement record.
Employee: Cost Center Aggregate
Department: Project Management
Date: 11 Nov 2024
Category: Travel
Amount: 128.40 EUR
Description: Aggregated reimbursement control entry.
Expense Reimbursement (Filled) - Review
Purpose: Example of a completed expense reimbursement record.
Summary: Total claimed: 128.40 EUR. Receipts attached.
Manager: Department Manager
Decision: Approved
Date: 13 Nov 2024
Notes: Training results are aggregated by course and do not contain individual comments from a participant.";no;no;no;no;no;no;no;no;no;no;no;no;no;;0;easy;no;no;train;Clean negative sample.
DOC-0049;expense_report_clean_0049.pdf;Expense Report;OneDrive;Tom Nguyen;tom.nguyen@bosch.example;2024-12-18;2026-09-16;4,7;"Expense Reimbursement (Filled)
Purpose: Example of a completed expense reimbursement record.
Employee: Cost Center Aggregate
Department: Project Management
Date: 18 Dec 2024
Category: Travel
Amount: 128.40 EUR
Description: Aggregated reimbursement control entry.
Expense Reimbursement (Filled) - Review
Purpose: Example of a completed expense reimbursement record.
Summary: Total claimed: 128.40 EUR. Receipts attached.
Manager: Department Manager
Decision: Approved
Date: 20 Dec 2024
Notes: Blank template fields remain underscores only, matching the unfilled PDF examples.";no;no;no;no;no;no;no;no;no;no;no;no;no;;0;easy;no;no;train;Clean negative sample.
DOC-0050;expense_report_clean_0050.pdf;Expense Report;SharePoint;Jonas Fischer;jonas.fischer@bosch.example;2025-01-24;2026-11-05;8,23;"Expense Reimbursement (Filled)
Purpose: Example of a completed expense reimbursement record.
Employee: Cost Center Aggregate
Department: Project Management
Date: 24 Jan 2025
Category: Travel
Amount: 128.40 EUR
Description: Aggregated reimbursement control entry.
Expense Reimbursement (Filled) - Review
Purpose: Example of a completed expense reimbursement record.
Summary: Total claimed: 128.40 EUR. Receipts attached.
Manager: Department Manager
Decision: Approved
Date: 26 Jan 2025
Notes: Training results are aggregated by course and do not contain individual comments from a participant.";no;no;no;no;no;no;no;no;no;no;no;no;no;;0;easy;no;no;train;Clean negative sample.
DOC-0051;expense_report_clean_0051.pdf;Expense Report;Teams Export;Noah Becker;noah.becker@bosch.example;2025-03-02;2026-12-25;0,97;"Expense Reimbursement (Filled)
Purpose: Example of a completed expense reimbursement record.
Employee: Cost Center Aggregate
Department: Project Management
Date: 02 Mar 2025
Category: Travel
Amount: 128.40 EUR
Description: Aggregated reimbursement control entry.
Expense Reimbursement (Filled) - Review
Purpose: Example of a completed expense reimbursement record.
Summary: Total claimed: 128.40 EUR. Receipts attached.
Manager: Department Manager
Decision: Approved
Date: 04 Mar 2025
Notes: Address is a supplier company location, not a home, billing, or shipping address for a person.";no;no;no;no;no;no;no;no;no;no;no;no;no;;0;hard;yes;no;train;Negative edge case: looks sensitive but should be no personal data.
DOC-0052;expense_report_clean_0052.pdf;Expense Report;Shared Drive;Jonas Fischer;jonas.fischer@bosch.example;2025-04-08;2027-02-13;0,76;"Expense Reimbursement (Filled)
Purpose: Example of a completed expense reimbursement record.
Employee: Cost Center Aggregate
Department: Project Management
Date: 08 Apr 2025
Category: Travel
Amount: 128.40 EUR
Description: Aggregated reimbursement control entry.
Expense Reimbursement (Filled) - Review
Purpose: Example of a completed expense reimbursement record.
Summary: Total claimed: 128.40 EUR. Receipts attached.
Manager: Department Manager
Decision: Approved
Date: 10 Apr 2025
Notes: Supplier company contact is a generic mailbox and business address, not an individual person's details.";no;no;no;no;no;no;no;no;no;no;no;no;no;;0;easy;no;no;train;Clean negative sample.
DOC-0053;expense_report_clean_0053.pdf;Expense Report;HR Archive;Anna Keller;anna.keller@bosch.example;2025-05-15;2027-04-04;1,45;"Expense Form
Purpose: Expense reimbursement.
Employee: ______
Expense: ______
Amount: ______
Date: ______
Expense Form
Purpose: Expense reimbursement.
Summary: ______
Approval: ______
Signature: ______
Notes: Department aggregate only; no named participant, employee, manager, reviewer, or contact person is included.";no;no;no;no;no;no;no;no;no;no;no;no;no;;0;easy;no;no;train;Clean negative sample.
DOC-0054;expense_report_clean_0054.pdf;Expense Report;HR Archive;Noah Becker;noah.becker@bosch.example;2025-06-21;2027-05-24;5,61;"Expense Form
Purpose: Expense reimbursement.
Employee: ______
Expense: ______
Amount: ______
Date: ______
Expense Form
Purpose: Expense reimbursement.
Summary: ______
Approval: ______
Signature: ______
Notes: Supplier company contact is a generic mailbox and business address, not an individual person's details.";no;no;no;no;no;no;no;no;no;no;no;no;no;;0;easy;no;no;train;Clean negative sample.
DOC-0055;expense_report_clean_0055.pdf;Expense Report;OneDrive;Elena Hoffmann;elena.hoffmann@bosch.example;2025-07-28;2027-07-13;3,75;"Expense Form
Purpose: Expense reimbursement.
Employee: ______
Expense: ______
Amount: ______
Date: ______
Expense Form
Purpose: Expense reimbursement.
Summary: ______
Approval: ______
Signature: ______
Notes: Blank template fields remain underscores only, matching the unfilled PDF examples.";no;no;no;no;no;no;no;no;no;no;no;no;no;;0;easy;no;no;train;Clean negative sample.
DOC-0056;expense_report_clean_0056.pdf;Expense Report;Teams Export;Max Wagner;max.wagner@bosch.example;2025-09-03;2027-09-01;8,35;"Expense Reimbursement (Filled)
Purpose: Example of a completed expense reimbursement record.
Employee: Cost Center Aggregate
Department: Engineering
Date: 03 Sept 2025
Category: Meals
Amount: 24.90 EUR
Description: Aggregated reimbursement control entry.
Expense Reimbursement (Filled) - Review
Purpose: Example of a completed expense reimbursement record.
Summary: Total claimed: 24.90 EUR. Policy limits checked.
Manager: Department Manager
Decision: Approved
Date: 05 Sept 2025
Notes: Department aggregate only; no named participant, employee, manager, reviewer, or contact person is included.";no;no;no;no;no;no;no;no;no;no;no;no;no;;0;easy;no;no;train;Clean negative sample.
DOC-0057;expense_report_clean_0057.pdf;Expense Report;HR Archive;Sofia Hartmann;sofia.hartmann@bosch.example;2025-10-10;2027-10-21;2,89;"Expense Reimbursement (Filled)
Purpose: Example of a completed expense reimbursement record.
Employee: Cost Center Aggregate
Department: Project Management
Date: 10 Oct 2025
Category: Travel
Amount: 128.40 EUR
Description: Aggregated reimbursement control entry.
Expense Reimbursement (Filled) - Review
Purpose: Example of a completed expense reimbursement record.
Summary: Total claimed: 128.40 EUR. Receipts attached.
Manager: Department Manager
Decision: Approved
Date: 12 Oct 2025
Notes: Department aggregate only; no named participant, employee, manager, reviewer, or contact person is included.";no;no;no;no;no;no;no;no;no;no;no;no;no;;0;easy;no;no;train;Clean negative sample.
DOC-0058;expense_report_clean_0058.pdf;Expense Report;HR Archive;Priya Nair;priya.nair@bosch.example;2025-11-16;2027-12-10;4,89;"Expense Form
Purpose: Expense reimbursement.
Employee: ______
Expense: ______
Amount: ______
Date: ______
Expense Form
Purpose: Expense reimbursement.
Summary: ______
Approval: ______
Signature: ______
Notes: Blank template fields remain underscores only, matching the unfilled PDF examples.";no;no;no;no;no;no;no;no;no;no;no;no;no;;0;easy;no;no;train;Clean negative sample.
DOC-0059;expense_report_clean_0059.pdf;Expense Report;OneDrive;Priya Nair;priya.nair@bosch.example;2025-12-23;2028-01-29;7,88;"Expense Reimbursement (Filled)
Purpose: Example of a completed expense reimbursement record.
Employee: Cost Center Aggregate
Department: Engineering
Date: 23 Dec 2025
Category: Meals
Amount: 24.90 EUR
Description: Aggregated reimbursement control entry.
Expense Reimbursement (Filled) - Review
Purpose: Example of a completed expense reimbursement record.
Summary: Total claimed: 24.90 EUR. Policy limits checked.
Manager: Department Manager
Decision: Approved
Date: 25 Dec 2025
Notes: Blank template fields remain underscores only, matching the unfilled PDF examples.";no;no;no;no;no;no;no;no;no;no;no;no;no;;0;easy;no;no;train;Clean negative sample.
DOC-0060;expense_report_clean_0060.pdf;Expense Report;SharePoint;Anna Keller;anna.keller@bosch.example;2026-01-29;2028-03-19;6,63;"Expense Form
Purpose: Expense reimbursement.
Employee: ______
Expense: ______
Amount: ______
Date: ______
Expense Form
Purpose: Expense reimbursement.
Summary: ______
Approval: ______
Signature: ______
Notes: Training results are aggregated by course and do not contain individual comments from a participant.";no;no;no;no;no;no;no;no;no;no;no;no;no;;0;easy;no;no;train;Clean negative sample.
DOC-0061;expense_report_clean_0061.pdf;Expense Report;OneDrive;Anna Keller;anna.keller@bosch.example;2026-03-07;2028-05-08;1,82;"Expense Form
Purpose: Expense reimbursement.
Employee: ______
Expense: ______
Amount: ______
Date: ______
Expense Form
Purpose: Expense reimbursement.
Summary: ______
Approval: ______
Signature: ______
Notes: Blank template fields remain underscores only, matching the unfilled PDF examples.";no;no;no;no;no;no;no;no;no;no;no;no;no;;0;easy;no;no;train;Clean negative sample.
DOC-0062;expense_report_clean_0062.pdf;Expense Report;SharePoint;Priya Nair;priya.nair@bosch.example;2026-04-13;2028-06-27;5,08;"Expense Reimbursement (Filled)
Purpose: Example of a completed expense reimbursement record.
Employee: Cost Center Aggregate
Department: Project Management
Date: 13 Apr 2026
Category: Travel
Amount: 128.40 EUR
Description: Aggregated reimbursement control entry.
Expense Reimbursement (Filled) - Review
Purpose: Example of a completed expense reimbursement record.
Summary: Total claimed: 128.40 EUR. Receipts attached.
Manager: Department Manager
Decision: Approved
Date: 15 Apr 2026
Notes: Role-based labels only, such as Team Lead, Facility Coordinator, Procurement Ops, or IT Service Desk.";no;no;no;no;no;no;no;no;no;no;no;no;no;;0;easy;no;no;train;Clean negative sample.
DOC-0063;expense_report_clean_0063.pdf;Expense Report;OneDrive;Jonas Fischer;jonas.fischer@bosch.example;2020-02-01;2022-04-30;0,45;"Expense Reimbursement (Filled)
Purpose: Example of a completed expense reimbursement record.
Employee: Cost Center Aggregate
Department: Project Management
Date: 01 Feb 2020
Category: Travel
Amount: 128.40 EUR
Description: Aggregated reimbursement control entry.
Expense Reimbursement (Filled) - Review
Purpose: Example of a completed expense reimbursement record.
Summary: Total claimed: 128.40 EUR. Receipts attached.
Manager: Department Manager
Decision: Approved
Date: 03 Feb 2020
Notes: Training results are aggregated by course and do not contain individual comments from a participant.";no;no;no;no;no;no;no;no;no;no;no;no;no;;0;easy;no;yes;train;Clean negative sample.
DOC-0064;expense_report_clean_0064.pdf;Expense Report;Teams Export;Lukas Weber;lukas.weber@bosch.example;2020-03-09;2022-06-19;6,08;"Expense Form
Purpose: Expense reimbursement.
Employee: ______
Expense: ______
Amount: ______
Date: ______
Expense Form
Purpose: Expense reimbursement.
Summary: ______
Approval: ______
Signature: ______
Notes: Blank template fields remain underscores only, matching the unfilled PDF examples.";no;no;no;no;no;no;no;no;no;no;no;no;no;;0;easy;no;yes;train;Clean negative sample.
DOC-0065;expense_report_clean_0065.pdf;Expense Report;OneDrive;Maria Schmidt;maria.schmidt@bosch.example;2020-04-15;2022-08-08;5,08;"Expense Form
Purpose: Expense reimbursement.
Employee: ______
Expense: ______
Amount: ______
Date: ______
Expense Form
Purpose: Expense reimbursement.
Summary: ______
Approval: ______
Signature: ______
Notes: Blank template fields remain underscores only, matching the unfilled PDF examples.";no;no;no;no;no;no;no;no;no;no;no;no;no;;0;easy;no;yes;train;Clean negative sample.
DOC-0066;expense_report_clean_0066.pdf;Expense Report;OneDrive;Maria Schmidt;maria.schmidt@bosch.example;2020-05-22;2022-09-27;3,68;"Expense Reimbursement (Filled)
Purpose: Example of a completed expense reimbursement record.
Employee: Cost Center Aggregate
Department: Project Management
Date: 22 May 2020
Category: Travel
Amount: 128.40 EUR
Description: Aggregated reimbursement control entry.
Expense Reimbursement (Filled) - Review
Purpose: Example of a completed expense reimbursement record.
Summary: Total claimed: 128.40 EUR. Receipts attached.
Manager: Department Manager
Decision: Approved
Date: 24 May 2020
Notes: Department aggregate only; no named participant, employee, manager, reviewer, or contact person is included.";no;no;no;no;no;no;no;no;no;no;no;no;no;;0;easy;no;yes;train;Clean negative sample.
DOC-0067;expense_report_clean_0067.pdf;Expense Report;Shared Drive;Sofia Hartmann;sofia.hartmann@bosch.example;2020-06-28;2022-11-16;0,58;"Expense Reimbursement (Filled)
Purpose: Example of a completed expense reimbursement record.
Employee: Cost Center Aggregate
Department: Project Management
Date: 28 Jun 2020
Category: Travel
Amount: 128.40 EUR
Description: Aggregated reimbursement control entry.
Expense Reimbursement (Filled) - Review
Purpose: Example of a completed expense reimbursement record.
Summary: Total claimed: 128.40 EUR. Receipts attached.
Manager: Department Manager
Decision: Approved
Date: 30 Jun 2020
Notes: Blank template fields remain underscores only, matching the unfilled PDF examples.";no;no;no;no;no;no;no;no;no;no;no;no;no;;0;easy;no;yes;train;Clean negative sample.
DOC-0068;expense_report_clean_0068.pdf;Expense Report;HR Archive;Maria Schmidt;maria.schmidt@bosch.example;2020-08-04;2023-01-05;3,07;"Expense Form
Purpose: Expense reimbursement.
Employee: ______
Expense: ______
Amount: ______
Date: ______
Expense Form
Purpose: Expense reimbursement.
Summary: ______
Approval: ______
Signature: ______
Notes: Access Level says Viewer and Signature says ______, matching an empty template field.";no;no;no;no;no;no;no;no;no;no;no;no;no;;0;hard;yes;yes;train;Negative edge case: looks sensitive but should be no personal data.
DOC-0069;expense_report_clean_0069.pdf;Expense Report;Shared Drive;Jonas Fischer;jonas.fischer@bosch.example;2020-09-10;2023-02-24;7,85;"Expense Reimbursement (Filled)
Purpose: Example of a completed expense reimbursement record.
Employee: Cost Center Aggregate
Department: Project Management
Date: 10 Sept 2020
Category: Travel
Amount: 128.40 EUR
Description: Aggregated reimbursement control entry.
Expense Reimbursement (Filled) - Review
Purpose: Example of a completed expense reimbursement record.
Summary: Total claimed: 128.40 EUR. Receipts attached.
Manager: Department Manager
Decision: Approved
Date: 12 Sept 2020
Notes: Role-based labels only, such as Team Lead, Facility Coordinator, Procurement Ops, or IT Service Desk.";no;no;no;no;no;no;no;no;no;no;no;no;no;;0;easy;no;yes;train;Clean negative sample.
DOC-0070;expense_report_clean_0070.pdf;Expense Report;Shared Drive;Lukas Weber;lukas.weber@bosch.example;2020-10-17;2020-10-27;7,67;"Expense Form
Purpose: Expense reimbursement.
Employee: ______
Expense: ______
Amount: ______
Date: ______
Expense Form
Purpose: Expense reimbursement.
Summary: ______
Approval: ______
Signature: ______
Notes: Department aggregate only; no named participant, employee, manager, reviewer, or contact person is included.";no;no;no;no;no;no;no;no;no;no;no;no;no;;0;easy;no;yes;train;Clean negative sample.
DOC-0071;expense_report_clean_0071.pdf;Expense Report;SharePoint;Lukas Weber;lukas.weber@bosch.example;2020-11-23;2020-12-16;2,17;"Expense Reimbursement (Filled)
Purpose: Example of a completed expense reimbursement record.
Employee: Cost Center Aggregate
Department: Project Management
Date: 23 Nov 2020
Category: Travel
Amount: 128.40 EUR
Description: Aggregated reimbursement control entry.
Expense Reimbursement (Filled) - Review
Purpose: Example of a completed expense reimbursement record.
Summary: Total claimed: 128.40 EUR. Receipts attached.
Manager: Department Manager
Decision: Approved
Date: 25 Nov 2020
Notes: Blank template fields remain underscores only, matching the unfilled PDF examples.";no;no;no;no;no;no;no;no;no;no;no;no;no;;0;easy;no;yes;validation;Clean negative sample.
DOC-0072;expense_report_clean_0072.pdf;Expense Report;OneDrive;Anna Keller;anna.keller@bosch.example;2020-12-30;2021-02-04;6,59;"Expense Reimbursement (Filled)
Purpose: Example of a completed expense reimbursement record.
Employee: Cost Center Aggregate
Department: Engineering
Date: 30 Dec 2020
Category: Meals
Amount: 24.90 EUR
Description: Aggregated reimbursement control entry.
Expense Reimbursement (Filled) - Review
Purpose: Example of a completed expense reimbursement record.
Summary: Total claimed: 24.90 EUR. Policy limits checked.
Manager: Department Manager
Decision: Approved
Date: 01 Jan 2021
Notes: Training results are aggregated by course and do not contain individual comments from a participant.";no;no;no;no;no;no;no;no;no;no;no;no;no;;0;easy;no;yes;validation;Clean negative sample.
DOC-0073;expense_report_clean_0073.pdf;Expense Report;Teams Export;Maria Schmidt;maria.schmidt@bosch.example;2021-02-05;2021-03-26;1,38;"Expense Reimbursement (Filled)
Purpose: Example of a completed expense reimbursement record.
Employee: Cost Center Aggregate
Department: Project Management
Date: 05 Feb 2021
Category: Travel
Amount: 128.40 EUR
Description: Aggregated reimbursement control entry.
Expense Reimbursement (Filled) - Review
Purpose: Example of a completed expense reimbursement record.
Summary: Total claimed: 128.40 EUR. Receipts attached.
Manager: Department Manager
Decision: Approved
Date: 07 Feb 2021
Notes: Supplier company contact is a generic mailbox and business address, not an individual person's details.";no;no;no;no;no;no;no;no;no;no;no;no;no;;0;easy;no;yes;validation;Clean negative sample.
DOC-0074;expense_report_clean_0074.pdf;Expense Report;SharePoint;Elena Hoffmann;elena.hoffmann@bosch.example;2021-03-14;2021-05-15;8,46;"Expense Reimbursement (Filled)
Purpose: Example of a completed expense reimbursement record.
Employee: Cost Center Aggregate
Department: Engineering
Date: 14 Mar 2021
Category: Meals
Amount: 24.90 EUR
Description: Aggregated reimbursement control entry.
Expense Reimbursement (Filled) - Review
Purpose: Example of a completed expense reimbursement record.
Summary: Total claimed: 24.90 EUR. Policy limits checked.
Manager: Department Manager
Decision: Approved
Date: 16 Mar 2021
Notes: Supplier company contact is a generic mailbox and business address, not an individual person's details.";no;no;no;no;no;no;no;no;no;no;no;no;no;;0;easy;no;yes;validation;Clean negative sample.
DOC-0075;expense_report_clean_0075.pdf;Expense Report;Teams Export;Maria Schmidt;maria.schmidt@bosch.example;2021-04-20;2021-07-04;8,03;"Expense Reimbursement (Filled)
Purpose: Example of a completed expense reimbursement record.
Employee: Cost Center Aggregate
Department: Project Management
Date: 20 Apr 2021
Category: Travel
Amount: 128.40 EUR
Description: Aggregated reimbursement control entry.
Expense Reimbursement (Filled) - Review
Purpose: Example of a completed expense reimbursement record.
Summary: Total claimed: 128.40 EUR. Receipts attached.
Manager: Department Manager
Decision: Approved
Date: 22 Apr 2021
Notes: Department aggregate only; no named participant, employee, manager, reviewer, or contact person is included.";no;no;no;no;no;no;no;no;no;no;no;no;no;;0;easy;no;yes;validation;Clean negative sample.
DOC-0076;expense_report_clean_0076.pdf;Expense Report;Shared Drive;Lukas Weber;lukas.weber@bosch.example;2021-05-27;2021-08-23;7,98;"Expense Reimbursement (Filled)
Purpose: Example of a completed expense reimbursement record.
Employee: Cost Center Aggregate
Department: Project Management
Date: 27 May 2021
Category: Travel
Amount: 128.40 EUR
Description: Aggregated reimbursement control entry.
Expense Reimbursement (Filled) - Review
Purpose: Example of a completed expense reimbursement record.
Summary: Total claimed: 128.40 EUR. Receipts attached.
Manager: Department Manager
Decision: Approved
Date: 29 May 2021
Notes: Supplier company contact is a generic mailbox and business address, not an individual person's details.";no;no;no;no;no;no;no;no;no;no;no;no;no;;0;easy;no;yes;validation;Clean negative sample.
DOC-0077;expense_report_clean_0077.pdf;Expense Report;Shared Drive;Max Wagner;max.wagner@bosch.example;2021-07-03;2021-10-12;0,65;"Expense Form
Purpose: Expense reimbursement.
Employee: ______
Expense: ______
Amount: ______
Date: ______
Expense Form
Purpose: Expense reimbursement.
Summary: ______
Approval: ______
Signature: ______
Notes: Training results are aggregated by course and do not contain individual comments from a participant.";no;no;no;no;no;no;no;no;no;no;no;no;no;;0;easy;no;yes;validation;Clean negative sample.
DOC-0078;expense_report_clean_0078.pdf;Expense Report;Shared Drive;Priya Nair;priya.nair@bosch.example;2021-08-09;2021-12-01;7,28;"Expense Form
Purpose: Expense reimbursement.
Employee: ______
Expense: ______
Amount: ______
Date: ______
Expense Form
Purpose: Expense reimbursement.
Summary: ______
Approval: ______
Signature: ______
Notes: Role-based labels only, such as Team Lead, Facility Coordinator, Procurement Ops, or IT Service Desk.";no;no;no;no;no;no;no;no;no;no;no;no;no;;0;easy;no;yes;validation;Clean negative sample.
DOC-0079;expense_report_clean_0079.pdf;Expense Report;HR Archive;Priya Nair;priya.nair@bosch.example;2021-09-15;2022-01-20;0,77;"Expense Reimbursement (Filled)
Purpose: Example of a completed expense reimbursement record.
Employee: Cost Center Aggregate
Department: Project Management
Date: 15 Sept 2021
Category: Travel
Amount: 128.40 EUR
Description: Aggregated reimbursement control entry.
Expense Reimbursement (Filled) - Review
Purpose: Example of a completed expense reimbursement record.
Summary: Total claimed: 128.40 EUR. Receipts attached.
Manager: Department Manager
Decision: Approved
Date: 17 Sept 2021
Notes: Role-based labels only, such as Team Lead, Facility Coordinator, Procurement Ops, or IT Service Desk.";no;no;no;no;no;no;no;no;no;no;no;no;no;;0;easy;no;yes;validation;Clean negative sample.
DOC-0080;expense_report_clean_0080.pdf;Expense Report;SharePoint;Elena Hoffmann;elena.hoffmann@bosch.example;2021-10-22;2022-03-11;1,89;"Expense Reimbursement (Filled)
Purpose: Example of a completed expense reimbursement record.
Employee: Cost Center Aggregate
Department: Project Management
Date: 22 Oct 2021
Category: Travel
Amount: 128.40 EUR
Description: Aggregated reimbursement control entry.
Expense Reimbursement (Filled) - Review
Purpose: Example of a completed expense reimbursement record.
Summary: Total claimed: 128.40 EUR. Receipts attached.
Manager: Department Manager
Decision: Approved
Date: 24 Oct 2021
Notes: Training results are aggregated by course and do not contain individual comments from a participant.";no;no;no;no;no;no;no;no;no;no;no;no;no;;0;easy;no;yes;validation;Clean negative sample.
DOC-0081;expense_report_clean_0081.pdf;Expense Report;HR Archive;Noah Becker;noah.becker@bosch.example;2021-11-28;2022-04-30;3,59;"Expense Reimbursement (Filled)
Purpose: Example of a completed expense reimbursement record.
Employee: Cost Center Aggregate
Department: Engineering
Date: 28 Nov 2021
Category: Meals
Amount: 24.90 EUR
Description: Aggregated reimbursement control entry.
Expense Reimbursement (Filled) - Review
Purpose: Example of a completed expense reimbursement record.
Summary: Total claimed: 24.90 EUR. Policy limits checked.
Manager: Department Manager
Decision: Approved
Date: 30 Nov 2021
Notes: Training results are aggregated by course and do not contain individual comments from a participant.";no;no;no;no;no;no;no;no;no;no;no;no;no;;0;easy;no;yes;validation;Clean negative sample.
DOC-0082;expense_report_clean_0082.pdf;Expense Report;OneDrive;Tom Nguyen;tom.nguyen@bosch.example;2022-01-04;2022-06-19;4,42;"Expense Reimbursement (Filled)
Purpose: Example of a completed expense reimbursement record.
Employee: Cost Center Aggregate
Department: Project Management
Date: 04 Jan 2022
Category: Travel
Amount: 128.40 EUR
Description: Aggregated reimbursement control entry.
Expense Reimbursement (Filled) - Review
Purpose: Example of a completed expense reimbursement record.
Summary: Total claimed: 128.40 EUR. Receipts attached.
Manager: Department Manager
Decision: Approved
Date: 06 Jan 2022
Notes: Blank template fields remain underscores only, matching the unfilled PDF examples.";no;no;no;no;no;no;no;no;no;no;no;no;no;;0;easy;no;yes;validation;Clean negative sample.
DOC-0083;expense_report_clean_0083.pdf;Expense Report;Shared Drive;Anna Keller;anna.keller@bosch.example;2022-02-10;2022-08-08;8,61;"Expense Reimbursement (Filled)
Purpose: Example of a completed expense reimbursement record.
Employee: Cost Center Aggregate
Department: Project Management
Date: 10 Feb 2022
Category: Travel
Amount: 128.40 EUR
Description: Aggregated reimbursement control entry.
Expense Reimbursement (Filled) - Review
Purpose: Example of a completed expense reimbursement record.
Summary: Total claimed: 128.40 EUR. Receipts attached.
Manager: Department Manager
Decision: Approved
Date: 12 Feb 2022
Notes: Role-based labels only, such as Team Lead, Facility Coordinator, Procurement Ops, or IT Service Desk.";no;no;no;no;no;no;no;no;no;no;no;no;no;;0;easy;no;yes;validation;Clean negative sample.
DOC-0084;expense_report_clean_0084.pdf;Expense Report;SharePoint;Elena Hoffmann;elena.hoffmann@bosch.example;2022-03-19;2022-09-27;6,59;"Expense Form
Purpose: Expense reimbursement.
Employee: ______
Expense: ______
Amount: ______
Date: ______
Expense Form
Purpose: Expense reimbursement.
Summary: ______
Approval: ______
Signature: ______
Notes: Supplier company contact is a generic mailbox and business address, not an individual person's details.";no;no;no;no;no;no;no;no;no;no;no;no;no;;0;easy;no;yes;validation;Clean negative sample.
DOC-0085;expense_report_clean_0085.pdf;Expense Report;OneDrive;Elena Hoffmann;elena.hoffmann@bosch.example;2022-04-25;2022-11-16;5,76;"Expense Reimbursement (Filled)
Purpose: Example of a completed expense reimbursement record.
Employee: Cost Center Aggregate
Department: Project Management
Date: 25 Apr 2022
Category: Travel
Amount: 128.40 EUR
Description: Aggregated reimbursement control entry.
Expense Reimbursement (Filled) - Review
Purpose: Example of a completed expense reimbursement record.
Summary: Total claimed: 128.40 EUR. Receipts attached.
Manager: Department Manager
Decision: Approved
Date: 27 Apr 2022
Notes: The word passport appears in 'passport control strategy' but does not identify a person.";no;no;no;no;no;no;no;no;no;no;no;no;no;;0;hard;yes;yes;validation;Negative edge case: looks sensitive but should be no personal data.
DOC-0086;expense_report_clean_0086.pdf;Expense Report;OneDrive;Lukas Weber;lukas.weber@bosch.example;2022-06-01;2023-01-05;0,51;"Expense Form
Purpose: Expense reimbursement.
Employee: ______
Expense: ______
Amount: ______
Date: ______
Expense Form
Purpose: Expense reimbursement.
Summary: ______
Approval: ______
Signature: ______
Notes: Department aggregate only; no named participant, employee, manager, reviewer, or contact person is included.";no;no;no;no;no;no;no;no;no;no;no;no;no;;0;easy;no;yes;test;Clean negative sample.
DOC-0087;expense_report_clean_0087.pdf;Expense Report;SharePoint;Lukas Weber;lukas.weber@bosch.example;2022-07-08;2023-02-24;4,81;"Expense Form
Purpose: Expense reimbursement.
Employee: ______
Expense: ______
Amount: ______
Date: ______
Expense Form
Purpose: Expense reimbursement.
Summary: ______
Approval: ______
Signature: ______
Notes: Supplier company contact is a generic mailbox and business address, not an individual person's details.";no;no;no;no;no;no;no;no;no;no;no;no;no;;0;easy;no;yes;test;Clean negative sample.
DOC-0088;expense_report_clean_0088.pdf;Expense Report;SharePoint;Noah Becker;noah.becker@bosch.example;2022-08-14;2023-04-15;0,97;"Expense Reimbursement (Filled)
Purpose: Example of a completed expense reimbursement record.
Employee: Cost Center Aggregate
Department: Project Management
Date: 14 Aug 2022
Category: Travel
Amount: 128.40 EUR
Description: Aggregated reimbursement control entry.
Expense Reimbursement (Filled) - Review
Purpose: Example of a completed expense reimbursement record.
Summary: Total claimed: 128.40 EUR. Receipts attached.
Manager: Department Manager
Decision: Approved
Date: 16 Aug 2022
Notes: Department aggregate only; no named participant, employee, manager, reviewer, or contact person is included.";no;no;no;no;no;no;no;no;no;no;no;no;no;;0;easy;no;yes;test;Clean negative sample.
DOC-0089;expense_report_clean_0089.pdf;Expense Report;OneDrive;Priya Nair;priya.nair@bosch.example;2022-09-20;2023-06-04;7,27;"Expense Reimbursement (Filled)
Purpose: Example of a completed expense reimbursement record.
Employee: Cost Center Aggregate
Department: Project Management
Date: 20 Sept 2022
Category: Travel
Amount: 128.40 EUR
Description: Aggregated reimbursement control entry.
Expense Reimbursement (Filled) - Review
Purpose: Example of a completed expense reimbursement record.
Summary: Total claimed: 128.40 EUR. Receipts attached.
Manager: Department Manager
Decision: Approved
Date: 22 Sept 2022
Notes: Department aggregate only; no named participant, employee, manager, reviewer, or contact person is included.";no;no;no;no;no;no;no;no;no;no;no;no;no;;0;easy;no;no;test;Clean negative sample.
DOC-0090;expense_report_clean_0090.pdf;Expense Report;OneDrive;Elena Hoffmann;elena.hoffmann@bosch.example;2022-10-27;2023-07-24;0,77;"Expense Form
Purpose: Expense reimbursement.
Employee: ______
Expense: ______
Amount: ______
Date: ______
Expense Form
Purpose: Expense reimbursement.
Summary: ______
Approval: ______
Signature: ______
Notes: Role-based labels only, such as Team Lead, Facility Coordinator, Procurement Ops, or IT Service Desk.";no;no;no;no;no;no;no;no;no;no;no;no;no;;0;easy;no;no;test;Clean negative sample.
DOC-0091;expense_report_clean_0091.pdf;Expense Report;SharePoint;Jonas Fischer;jonas.fischer@bosch.example;2022-12-03;2023-09-12;0,87;"Expense Reimbursement (Filled)
Purpose: Example of a completed expense reimbursement record.
Employee: Cost Center Aggregate
Department: Project Management
Date: 03 Dec 2022
Category: Travel
Amount: 128.40 EUR
Description: Aggregated reimbursement control entry.
Expense Reimbursement (Filled) - Review
Purpose: Example of a completed expense reimbursement record.
Summary: Total claimed: 128.40 EUR. Receipts attached.
Manager: Department Manager
Decision: Approved
Date: 05 Dec 2022
Notes: Department aggregate only; no named participant, employee, manager, reviewer, or contact person is included.";no;no;no;no;no;no;no;no;no;no;no;no;no;;0;easy;no;no;test;Clean negative sample.
DOC-0092;expense_report_clean_0092.pdf;Expense Report;OneDrive;Jonas Fischer;jonas.fischer@bosch.example;2023-01-09;2023-11-01;2,39;"Expense Reimbursement (Filled)
Purpose: Example of a completed expense reimbursement record.
Employee: Cost Center Aggregate
Department: Engineering
Date: 09 Jan 2023
Category: Meals
Amount: 24.90 EUR
Description: Aggregated reimbursement control entry.
Expense Reimbursement (Filled) - Review
Purpose: Example of a completed expense reimbursement record.
Summary: Total claimed: 24.90 EUR. Policy limits checked.
Manager: Department Manager
Decision: Approved
Date: 11 Jan 2023
Notes: Blank template fields remain underscores only, matching the unfilled PDF examples.";no;no;no;no;no;no;no;no;no;no;no;no;no;;0;easy;no;no;test;Clean negative sample.
DOC-0093;expense_report_clean_0093.pdf;Expense Report;SharePoint;Noah Becker;noah.becker@bosch.example;2023-02-15;2023-12-21;4,7;"Expense Form
Purpose: Expense reimbursement.
Employee: ______
Expense: ______
Amount: ______
Date: ______
Expense Form
Purpose: Expense reimbursement.
Summary: ______
Approval: ______
Signature: ______
Notes: Supplier company contact is a generic mailbox and business address, not an individual person's details.";no;no;no;no;no;no;no;no;no;no;no;no;no;;0;easy;no;no;test;Clean negative sample.
DOC-0094;expense_report_clean_0094.pdf;Expense Report;SharePoint;Anna Keller;anna.keller@bosch.example;2023-03-24;2024-02-09;0,65;"Expense Form
Purpose: Expense reimbursement.
Employee: ______
Expense: ______
Amount: ______
Date: ______
Expense Form
Purpose: Expense reimbursement.
Summary: ______
Approval: ______
Signature: ______
Notes: Training results are aggregated by course and do not contain individual comments from a participant.";no;no;no;no;no;no;no;no;no;no;no;no;no;;0;easy;no;no;test;Clean negative sample.
DOC-0095;expense_report_clean_0095.pdf;Expense Report;SharePoint;Sofia Hartmann;sofia.hartmann@bosch.example;2023-04-30;2024-03-30;4,89;"Expense Reimbursement (Filled)
Purpose: Example of a completed expense reimbursement record.
Employee: Cost Center Aggregate
Department: Project Management
Date: 30 Apr 2023
Category: Travel
Amount: 128.40 EUR
Description: Aggregated reimbursement control entry.
Expense Reimbursement (Filled) - Review
Purpose: Example of a completed expense reimbursement record.
Summary: Total claimed: 128.40 EUR. Receipts attached.
Manager: Department Manager
Decision: Approved
Date: 02 May 2023
Notes: Blank template fields remain underscores only, matching the unfilled PDF examples.";no;no;no;no;no;no;no;no;no;no;no;no;no;;0;easy;no;no;test;Clean negative sample.
DOC-0096;expense_report_clean_0096.pdf;Expense Report;HR Archive;Anna Keller;anna.keller@bosch.example;2023-06-06;2024-05-19;5,32;"Expense Form
Purpose: Expense reimbursement.
Employee: ______
Expense: ______
Amount: ______
Date: ______
Expense Form
Purpose: Expense reimbursement.
Summary: ______
Approval: ______
Signature: ______
Notes: Training results are aggregated by course and do not contain individual comments from a participant.";no;no;no;no;no;no;no;no;no;no;no;no;no;;0;easy;no;no;test;Clean negative sample.
DOC-0097;expense_report_clean_0097.pdf;Expense Report;Shared Drive;Max Wagner;max.wagner@bosch.example;2023-07-13;2024-07-08;3,32;"Expense Form
Purpose: Expense reimbursement.
Employee: ______
Expense: ______
Amount: ______
Date: ______
Expense Form
Purpose: Expense reimbursement.
Summary: ______
Approval: ______
Signature: ______
Notes: Blank template fields remain underscores only, matching the unfilled PDF examples.";no;no;no;no;no;no;no;no;no;no;no;no;no;;0;easy;no;no;test;Clean negative sample.
DOC-0098;expense_report_clean_0098.pdf;Expense Report;Shared Drive;Anna Keller;anna.keller@bosch.example;2023-08-19;2024-08-27;4,33;"Expense Form
Purpose: Expense reimbursement.
Employee: ______
Expense: ______
Amount: ______
Date: ______
Expense Form
Purpose: Expense reimbursement.
Summary: ______
Approval: ______
Signature: ______
Notes: Role-based labels only, such as Team Lead, Facility Coordinator, Procurement Ops, or IT Service Desk.";no;no;no;no;no;no;no;no;no;no;no;no;no;;0;easy;no;no;test;Clean negative sample.
DOC-0099;expense_report_clean_0099.pdf;Expense Report;SharePoint;Elena Hoffmann;elena.hoffmann@bosch.example;2023-09-25;2024-10-16;3,53;"Expense Form
Purpose: Expense reimbursement.
Employee: ______
Expense: ______
Amount: ______
Date: ______
Expense Form
Purpose: Expense reimbursement.
Summary: ______
Approval: ______
Signature: ______
Notes: Training results are aggregated by course and do not contain individual comments from a participant.";no;no;no;no;no;no;no;no;no;no;no;no;no;;0;easy;no;no;test;Clean negative sample.
DOC-0100;expense_report_clean_0100.pdf;Expense Report;Shared Drive;Elena Hoffmann;elena.hoffmann@bosch.example;2023-11-01;2024-12-05;7,16;"Expense Form
Purpose: Expense reimbursement.
Employee: ______
Expense: ______
Amount: ______
Date: ______
Expense Form
Purpose: Expense reimbursement.
Summary: ______
Approval: ______
Signature: ______
Notes: Training results are aggregated by course and do not contain individual comments from a participant.";no;no;no;no;no;no;no;no;no;no;no;no;no;;0;easy;no;no;test;Clean negative sample.
DOC-0101;it_access_request_finding_0101.pdf;IT Access Request;HR Archive;Sofia Hartmann;sofia.hartmann@bosch.example;2023-12-08;2025-01-24;2,69;"IT System Access Request (Filled)
Purpose: Example of a completed IT access request for audit trail and governance.
Name: Maria Schmidt
Department: Compliance & Risk
Manager: Miriam Braun
System: GRC Role Catalog
Access Level: Viewer
Justification: Needed for audit preparation and role verification activities.
Travel History: Stuttgart on 2022-03-11, Lyon on 2022-04-18, and Milan on 2022-05-09
Medical ID: MED-DE-440912
Health / Accommodation Note: reported migraine symptoms and requested a quiet room accommodation
IT System Access Request (Filled) - Review
Purpose: Example of a completed IT access request for audit trail and governance.
Reviewer: Identity & Access Team
Comments: Least-privilege confirmed; access time-limited.
Approval: Approved
Approver: Compliance Officer
Signature: M. Braun
Date: 08 Dec 2023";yes;no;no;no;yes;no;no;no;no;yes;no;no;yes;"health_data; medical_id; travel_history";3;hard;yes;no;train;Useful for testing ambiguous/OCR/context-heavy personal-data detection.
DOC-0102;it_access_request_finding_0102.pdf;IT Access Request;Teams Export;Noah Becker;noah.becker@bosch.example;2024-01-14;2025-03-15;0,46;"IT System Access Request (Filled)
Purpose: Example of a completed IT access request for audit trail and governance.
Name: Elena Fischer
Department: Compliance & Risk
Manager: Miriam Braun
System: GRC Role Catalog
Access Level: Viewer
Justification: Needed for audit preparation and role verification activities.
Email: elena dot fischer at bosch dot example
IT System Access Request (Filled) - Review
Purpose: Example of a completed IT access request for audit trail and governance.
Reviewer: Identity & Access Team
Comments: Least-privilege confirmed; access time-limited.
Approval: Approved
Approver: Compliance Officer
Signature: M. Braun
Date: 14 Jan 2024";yes;no;yes;no;no;no;no;no;no;no;no;no;no;email_address;1;medium;yes;no;train;Useful for testing ambiguous/OCR/context-heavy personal-data detection.
DOC-0103;it_access_request_finding_0103.pdf;IT Access Request;Shared Drive;Noah Becker;noah.becker@bosch.example;2024-02-20;2025-05-04;0,24;"IT System Access Request (Filled)
Purpose: Example of a completed IT access request for audit trail and governance.
Name: Jonas Keller
Department: Compliance & Risk
Manager: Miriam Braun
System: GRC Role Catalog
Access Level: Viewer
Justification: Needed for audit preparation and role verification activities.
Phone: zero one seven six, four four two, nine eight nine eight
IT System Access Request (Filled) - Review
Purpose: Example of a completed IT access request for audit trail and governance.
Reviewer: Identity & Access Team
Comments: Least-privilege confirmed; access time-limited.
Approval: Approved
Approver: Compliance Officer
Signature: M. Braun
Date: 20 Feb 2024";yes;no;no;yes;no;no;no;no;no;no;no;no;no;phone_number;1;medium;yes;no;train;Useful for testing ambiguous/OCR/context-heavy personal-data detection.
DOC-0104;it_access_request_finding_0104.pdf;IT Access Request;Teams Export;Maria Schmidt;maria.schmidt@bosch.example;2024-03-28;2025-06-23;4,07;"IT System Access Request (Filled)
Purpose: Example of a completed IT access request for audit trail and governance.
Name: Nina Beck
Department: Digital Operations
Manager: Jonas Keller
System: Document Management Portal
Access Level: Editor
Justification: Required to maintain project documentation and manage controlled templates.
Home Address: Parkring 3, 90402 Nuremberg, Germany
IT System Access Request (Filled) - Review
Purpose: Example of a completed IT access request for audit trail and governance.
Reviewer: IT Service Desk
Comments: Access aligns with role; MFA verified.
Approval: Approved
Approver: IT Governance Lead
Signature: J. Keller
Date: 28 Mar 2024";yes;no;no;no;yes;no;no;no;no;no;no;no;no;home_address;1;medium;yes;no;train;Useful for testing ambiguous/OCR/context-heavy personal-data detection.
DOC-0105;it_access_request_finding_0105.pdf;IT Access Request;SharePoint;Jonas Fischer;jonas.fischer@bosch.example;2024-05-04;2025-08-12;7,81;"IT System Access Request (Filled)
Purpose: Example of a completed IT access request for audit trail and governance.
Name: Maria Schmidt
Department: Digital Operations
Manager: Jonas Keller
System: Document Management Portal
Access Level: Editor
Justification: Required to maintain project documentation and manage controlled templates.
Passport Number: C4X829l7 4
IT System Access Request (Filled) - Review
Purpose: Example of a completed IT access request for audit trail and governance.
Reviewer: IT Service Desk
Comments: Access aligns with role; MFA verified.
Approval: Approved
Approver: IT Governance Lead
Signature: J. Keller
Date: 04 May 2024";yes;no;no;no;no;no;no;yes;no;no;no;no;no;passport_number;1;hard;yes;no;train;Useful for testing ambiguous/OCR/context-heavy personal-data detection.
DOC-0106;it_access_request_finding_0106.pdf;IT Access Request;Teams Export;Priya Nair;priya.nair@bosch.example;2024-06-10;2025-10-01;8,57;"IT System Access Request (Filled)
Purpose: Example of a completed IT access request for audit trail and governance.
Name: Elena Fischer
Department: Compliance & Risk
Manager: Miriam Braun
System: GRC Role Catalog
Access Level: Viewer
Justification: Needed for audit preparation and role verification activities.
ID Card Number: T88Q-3920I76
IT System Access Request (Filled) - Review
Purpose: Example of a completed IT access request for audit trail and governance.
Reviewer: Identity & Access Team
Comments: Least-privilege confirmed; access time-limited.
Approval: Approved
Approver: Compliance Officer
Signature: M. Braun
Date: 10 Jun 2024";yes;no;no;no;no;no;no;no;yes;no;no;no;no;id_card_number;1;hard;yes;no;train;Useful for testing ambiguous/OCR/context-heavy personal-data detection.
DOC-0107;it_access_request_finding_0107.pdf;IT Access Request;Shared Drive;Lukas Weber;lukas.weber@bosch.example;2024-07-17;2025-11-20;5,33;"IT System Access Request (Filled)
Purpose: Example of a completed IT access request for audit trail and governance.
Name: Jonas Keller
Department: Digital Operations
Manager: Jonas Keller
System: Document Management Portal
Access Level: Editor
Justification: Required to maintain project documentation and manage controlled templates.
Driver's License Number: K-1182-3309-72
IT System Access Request (Filled) - Review
Purpose: Example of a completed IT access request for audit trail and governance.
Reviewer: IT Service Desk
Comments: Access aligns with role; MFA verified.
Approval: Approved
Approver: IT Governance Lead
Signature: J. Keller
Date: 17 Jul 2024";yes;no;no;no;no;no;no;no;yes;no;no;no;no;drivers_license_number;1;medium;yes;no;train;Useful for testing ambiguous/OCR/context-heavy personal-data detection.
DOC-0108;it_access_request_finding_0108.pdf;IT Access Request;Shared Drive;Anna Keller;anna.keller@bosch.example;2024-08-23;2026-01-09;6,18;"IT System Access Request (Filled)
Purpose: Example of a completed IT access request for audit trail and governance.
Name: Nina Beck
Department: Compliance & Risk
Manager: Miriam Braun
System: GRC Role Catalog
Access Level: Viewer
Justification: Needed for audit preparation and role verification activities.
Additional Person Reference: Nina Beck
Email: nina.beck@bosch.example
Health / Accommodation Note: asked for ergonomic seating due to recurring back pain
IT System Access Request (Filled) - Review
Purpose: Example of a completed IT access request for audit trail and governance.
Reviewer: Identity & Access Team
Comments: Least-privilege confirmed; access time-limited.
Approval: Approved
Approver: Compliance Officer
Signature: M. Braun
Date: 23 Aug 2024";yes;yes;yes;no;no;no;no;no;no;no;no;no;no;"first_name; last_name; email_address; health_data";4;hard;yes;no;train;Useful for testing ambiguous/OCR/context-heavy personal-data detection.
DOC-0109;it_access_request_finding_0109.pdf;IT Access Request;OneDrive;Max Wagner;max.wagner@bosch.example;2024-09-29;2026-02-28;6,76;"IT System Access Request (Filled)
Purpose: Example of a completed IT access request for audit trail and governance.
Name: Maria Schmidt
Department: Digital Operations
Manager: Jonas Keller
System: Document Management Portal
Access Level: Editor
Justification: Required to maintain project documentation and manage controlled templates.
Additional Person Reference: Maria Schmidt
Email: maria.schmidt@bosch.example
Phone: +49 151 2345 7821
IT System Access Request (Filled) - Review
Purpose: Example of a completed IT access request for audit trail and governance.
Reviewer: IT Service Desk
Comments: Access aligns with role; MFA verified.
Approval: Approved
Approver: IT Governance Lead
Signature: J. Keller
Date: 29 Sept 2024";yes;yes;yes;yes;no;no;no;no;no;no;no;no;no;"first_name; last_name; email_address; phone_number";4;easy;no;no;train;Straightforward labeled personal-data example.
DOC-0110;it_access_request_finding_0110.pdf;IT Access Request;OneDrive;Noah Becker;noah.becker@bosch.example;2024-11-05;2026-04-19;8,46;"IT System Access Request (Filled)
Purpose: Example of a completed IT access request for audit trail and governance.
Name: Elena Fischer
Department: Digital Operations
Manager: Jonas Keller
System: Document Management Portal
Access Level: Editor
Justification: Required to maintain project documentation and manage controlled templates.
Login Name: efischer08
Email: elena.fischer@bosch.example
Last Login IP: 192.168.12.34
User Record URL: https://grc.example/access/elena-fischer
IT System Access Request (Filled) - Review
Purpose: Example of a completed IT access request for audit trail and governance.
Reviewer: IT Service Desk
Comments: Access aligns with role; MFA verified.
Approval: Approved
Approver: IT Governance Lead
Signature: J. Keller
Date: 05 Nov 2024";yes;no;yes;no;no;no;no;no;no;no;yes;yes;no;"username_login; email_address; ip_address; url";4;easy;no;no;train;Straightforward labeled personal-data example.
DOC-0111;it_access_request_finding_0111.pdf;IT Access Request;HR Archive;Lukas Weber;lukas.weber@bosch.example;2024-12-12;2026-06-08;2,73;"IT System Access Request (Filled)
Purpose: Example of a completed IT access request for audit trail and governance.
Name: Jonas Keller
Department: Compliance & Risk
Manager: Miriam Braun
System: GRC Role Catalog
Access Level: Viewer
Justification: Needed for audit preparation and role verification activities.
Additional Person Reference: Jonas Keller
Home Address: Bachweg 6, 50667 Cologne, Germany
IT System Access Request (Filled) - Review
Purpose: Example of a completed IT access request for audit trail and governance.
Reviewer: Identity & Access Team
Comments: Least-privilege confirmed; access time-limited.
Approval: Approved
Approver: Compliance Officer
Signature: M. Braun
Date: 12 Dec 2024";yes;yes;no;no;yes;no;no;no;no;no;no;no;no;"first_name; last_name; home_address";3;easy;no;no;train;Straightforward labeled personal-data example.
DOC-0112;it_access_request_finding_0112.pdf;IT Access Request;OneDrive;Max Wagner;max.wagner@bosch.example;2025-01-18;2026-07-28;2,99;"IT System Access Request (Filled)
Purpose: Example of a completed IT access request for audit trail and governance.
Name: Nina Beck
Department: Compliance & Risk
Manager: Miriam Braun
System: GRC Role Catalog
Access Level: Viewer
Justification: Needed for audit preparation and role verification activities.
Additional Person Reference: Nina Beck
Passport Number: R9V118205
IT System Access Request (Filled) - Review
Purpose: Example of a completed IT access request for audit trail and governance.
Reviewer: Identity & Access Team
Comments: Least-privilege confirmed; access time-limited.
Approval: Approved
Approver: Compliance Officer
Signature: M. Braun
Date: 18 Jan 2025";yes;yes;no;no;no;no;no;yes;no;no;no;no;no;"passport_number; first_name; last_name";3;easy;no;no;train;Straightforward labeled personal-data example.
DOC-0113;it_access_request_clean_0113.pdf;IT Access Request;SharePoint;Jonas Fischer;jonas.fischer@bosch.example;2025-02-24;2026-09-16;8,21;"IT System Access Request Form
Purpose: Used to request IT system access.
Name: ______
Department: ______
System: ______
Access Level: ______
Justification: ______
IT System Access Request Form
Purpose: Used to request IT system access.
IT Review: ______
Comments: ______
Approval: ______
Final Signature: ______
Notes: Training results are aggregated by course and do not contain individual comments from a participant.";no;no;no;no;no;no;no;no;no;no;no;no;no;;0;easy;no;no;train;Clean negative sample.
DOC-0114;it_access_request_clean_0114.pdf;IT Access Request;Teams Export;Priya Nair;priya.nair@bosch.example;2025-04-02;2026-11-05;3,11;"IT System Access Request Form
Purpose: Used to request IT system access.
Name: ______
Department: ______
System: ______
Access Level: ______
Justification: ______
IT System Access Request Form
Purpose: Used to request IT system access.
IT Review: ______
Comments: ______
Approval: ______
Final Signature: ______
Notes: Department aggregate only; no named participant, employee, manager, reviewer, or contact person is included.";no;no;no;no;no;no;no;no;no;no;no;no;no;;0;easy;no;no;train;Clean negative sample.
DOC-0115;it_access_request_clean_0115.pdf;IT Access Request;Shared Drive;Maria Schmidt;maria.schmidt@bosch.example;2025-05-09;2026-12-25;4,02;"IT System Access Request (Filled)
Purpose: Example of a completed IT access request for audit trail and governance.
Name: Service Account Request
Department: Digital Operations
Manager: Functional Manager
System: Document Management Portal
Access Level: Editor
Justification: Required to maintain project documentation and manage controlled templates.
IT System Access Request (Filled) - Review
Purpose: Example of a completed IT access request for audit trail and governance.
Reviewer: IT Service Desk
Comments: Access aligns with role; MFA verified.
Approval: Approved
Approver: IT Governance Lead
Signature: J. Keller
Date: 09 May 2025
Notes: Role-based labels only, such as Team Lead, Facility Coordinator, Procurement Ops, or IT Service Desk.";no;no;no;no;no;no;no;no;no;no;no;no;no;;0;easy;no;no;train;Clean negative sample.
DOC-0116;it_access_request_clean_0116.pdf;IT Access Request;Teams Export;Elena Hoffmann;elena.hoffmann@bosch.example;2025-06-15;2027-02-13;6,22;"IT System Access Request Form
Purpose: Used to request IT system access.
Name: ______
Department: ______
System: ______
Access Level: ______
Justification: ______
IT System Access Request Form
Purpose: Used to request IT system access.
IT Review: ______
Comments: ______
Approval: ______
Final Signature: ______
Notes: Training results are aggregated by course and do not contain individual comments from a participant.";no;no;no;no;no;no;no;no;no;no;no;no;no;;0;easy;no;no;train;Clean negative sample.
DOC-0117;it_access_request_clean_0117.pdf;IT Access Request;Shared Drive;Elena Hoffmann;elena.hoffmann@bosch.example;2025-07-22;2027-04-04;8,32;"IT System Access Request (Filled)
Purpose: Example of a completed IT access request for audit trail and governance.
Name: Service Account Request
Department: Digital Operations
Manager: Functional Manager
System: Document Management Portal
Access Level: Editor
Justification: Required to maintain project documentation and manage controlled templates.
IT System Access Request (Filled) - Review
Purpose: Example of a completed IT access request for audit trail and governance.
Reviewer: IT Service Desk
Comments: Access aligns with role; MFA verified.
Approval: Approved
Approver: IT Governance Lead
Signature: J. Keller
Date: 22 Jul 2025
Notes: Photo upload policy is referenced, but no identifiable person's image or video is attached.";no;no;no;no;no;no;no;no;no;no;no;no;no;;0;hard;yes;no;train;Negative edge case: looks sensitive but should be no personal data.
DOC-0118;it_access_request_clean_0118.pdf;IT Access Request;SharePoint;Elena Hoffmann;elena.hoffmann@bosch.example;2025-08-28;2027-05-24;8,47;"IT System Access Request (Filled)
Purpose: Example of a completed IT access request for audit trail and governance.
Name: Service Account Request
Department: Compliance & Risk
Manager: Functional Manager
System: GRC Role Catalog
Access Level: Viewer
Justification: Needed for audit preparation and role verification activities.
IT System Access Request (Filled) - Review
Purpose: Example of a completed IT access request for audit trail and governance.
Reviewer: Identity & Access Team
Comments: Least-privilege confirmed; access time-limited.
Approval: Approved
Approver: Compliance Officer
Signature: M. Braun
Date: 28 Aug 2025
Notes: Department aggregate only; no named participant, employee, manager, reviewer, or contact person is included.";no;no;no;no;no;no;no;no;no;no;no;no;no;;0;easy;no;no;train;Clean negative sample.
DOC-0119;it_access_request_clean_0119.pdf;IT Access Request;Shared Drive;Max Wagner;max.wagner@bosch.example;2025-10-04;2027-07-13;2,95;"IT System Access Request (Filled)
Purpose: Example of a completed IT access request for audit trail and governance.
Name: Service Account Request
Department: Digital Operations
Manager: Functional Manager
System: Document Management Portal
Access Level: Editor
Justification: Required to maintain project documentation and manage controlled templates.
IT System Access Request (Filled) - Review
Purpose: Example of a completed IT access request for audit trail and governance.
Reviewer: IT Service Desk
Comments: Access aligns with role; MFA verified.
Approval: Approved
Approver: IT Governance Lead
Signature: J. Keller
Date: 04 Oct 2025
Notes: Department aggregate only; no named participant, employee, manager, reviewer, or contact person is included.";no;no;no;no;no;no;no;no;no;no;no;no;no;;0;easy;no;no;train;Clean negative sample.
DOC-0120;it_access_request_clean_0120.pdf;IT Access Request;Teams Export;Tom Nguyen;tom.nguyen@bosch.example;2025-11-10;2027-09-01;5,08;"IT System Access Request (Filled)
Purpose: Example of a completed IT access request for audit trail and governance.
Name: Service Account Request
Department: Digital Operations
Manager: Functional Manager
System: Document Management Portal
Access Level: Editor
Justification: Required to maintain project documentation and manage controlled templates.
IT System Access Request (Filled) - Review
Purpose: Example of a completed IT access request for audit trail and governance.
Reviewer: IT Service Desk
Comments: Access aligns with role; MFA verified.
Approval: Approved
Approver: IT Governance Lead
Signature: J. Keller
Date: 10 Nov 2025
Notes: Department aggregate only; no named participant, employee, manager, reviewer, or contact person is included.";no;no;no;no;no;no;no;no;no;no;no;no;no;;0;easy;no;no;train;Clean negative sample.
DOC-0121;it_access_request_clean_0121.pdf;IT Access Request;HR Archive;Lukas Weber;lukas.weber@bosch.example;2025-12-17;2027-10-21;6,16;"IT System Access Request Form
Purpose: Used to request IT system access.
Name: ______
Department: ______
System: ______
Access Level: ______
Justification: ______
IT System Access Request Form
Purpose: Used to request IT system access.
IT Review: ______
Comments: ______
Approval: ______
Final Signature: ______
Notes: Supplier company contact is a generic mailbox and business address, not an individual person's details.";no;no;no;no;no;no;no;no;no;no;no;no;no;;0;easy;no;no;train;Clean negative sample.
DOC-0122;it_access_request_clean_0122.pdf;IT Access Request;Teams Export;Max Wagner;max.wagner@bosch.example;2026-01-23;2027-12-10;7,55;"IT System Access Request (Filled)
Purpose: Example of a completed IT access request for audit trail and governance.
Name: Service Account Request
Department: Digital Operations
Manager: Functional Manager
System: Document Management Portal
Access Level: Editor
Justification: Required to maintain project documentation and manage controlled templates.
IT System Access Request (Filled) - Review
Purpose: Example of a completed IT access request for audit trail and governance.
Reviewer: IT Service Desk
Comments: Access aligns with role; MFA verified.
Approval: Approved
Approver: IT Governance Lead
Signature: J. Keller
Date: 23 Jan 2026
Notes: Supplier company contact is a generic mailbox and business address, not an individual person's details.";no;no;no;no;no;no;no;no;no;no;no;no;no;;0;easy;no;no;train;Clean negative sample.
DOC-0123;it_access_request_clean_0123.pdf;IT Access Request;Teams Export;Maria Schmidt;maria.schmidt@bosch.example;2026-03-01;2028-01-29;7,8;"IT System Access Request Form
Purpose: Used to request IT system access.
Name: ______
Department: ______
System: ______
Access Level: ______
Justification: ______
IT System Access Request Form
Purpose: Used to request IT system access.
IT Review: ______
Comments: ______
Approval: ______
Final Signature: ______
Notes: Training results are aggregated by course and do not contain individual comments from a participant.";no;no;no;no;no;no;no;no;no;no;no;no;no;;0;easy;no;no;train;Clean negative sample.
DOC-0124;it_access_request_clean_0124.pdf;IT Access Request;OneDrive;Anna Keller;anna.keller@bosch.example;2026-04-07;2028-03-19;2,14;"IT System Access Request (Filled)
Purpose: Example of a completed IT access request for audit trail and governance.
Name: Service Account Request
Department: Compliance & Risk
Manager: Functional Manager
System: GRC Role Catalog
Access Level: Viewer
Justification: Needed for audit preparation and role verification activities.
IT System Access Request (Filled) - Review
Purpose: Example of a completed IT access request for audit trail and governance.
Reviewer: Identity & Access Team
Comments: Least-privilege confirmed; access time-limited.
Approval: Approved
Approver: Compliance Officer
Signature: M. Braun
Date: 07 Apr 2026
Notes: Role-based labels only, such as Team Lead, Facility Coordinator, Procurement Ops, or IT Service Desk.";no;no;no;no;no;no;no;no;no;no;no;no;no;;0;easy;no;no;train;Clean negative sample.
DOC-0125;it_access_request_clean_0125.pdf;IT Access Request;Teams Export;Max Wagner;max.wagner@bosch.example;2020-01-26;2022-01-20;4,94;"IT System Access Request (Filled)
Purpose: Example of a completed IT access request for audit trail and governance.
Name: Service Account Request
Department: Compliance & Risk
Manager: Functional Manager
System: GRC Role Catalog
Access Level: Viewer
Justification: Needed for audit preparation and role verification activities.
IT System Access Request (Filled) - Review
Purpose: Example of a completed IT access request for audit trail and governance.
Reviewer: Identity & Access Team
Comments: Least-privilege confirmed; access time-limited.
Approval: Approved
Approver: Compliance Officer
Signature: M. Braun
Date: 26 Jan 2020
Notes: Role-based labels only, such as Team Lead, Facility Coordinator, Procurement Ops, or IT Service Desk.";no;no;no;no;no;no;no;no;no;no;no;no;no;;0;easy;no;yes;train;Clean negative sample.
DOC-0126;it_access_request_clean_0126.pdf;IT Access Request;Shared Drive;Maria Schmidt;maria.schmidt@bosch.example;2020-03-03;2022-03-11;3,61;"IT System Access Request (Filled)
Purpose: Example of a completed IT access request for audit trail and governance.
Name: Service Account Request
Department: Compliance & Risk
Manager: Functional Manager
System: GRC Role Catalog
Access Level: Viewer
Justification: Needed for audit preparation and role verification activities.
IT System Access Request (Filled) - Review
Purpose: Example of a completed IT access request for audit trail and governance.
Reviewer: Identity & Access Team
Comments: Least-privilege confirmed; access time-limited.
Approval: Approved
Approver: Compliance Officer
Signature: M. Braun
Date: 03 Mar 2020
Notes: Department aggregate only; no named participant, employee, manager, reviewer, or contact person is included.";no;no;no;no;no;no;no;no;no;no;no;no;no;;0;easy;no;yes;train;Clean negative sample.
DOC-0127;it_access_request_clean_0127.pdf;IT Access Request;Teams Export;Anna Keller;anna.keller@bosch.example;2020-04-09;2022-04-30;4,79;"IT System Access Request (Filled)
Purpose: Example of a completed IT access request for audit trail and governance.
Name: Service Account Request
Department: Digital Operations
Manager: Functional Manager
System: Document Management Portal
Access Level: Editor
Justification: Required to maintain project documentation and manage controlled templates.
IT System Access Request (Filled) - Review
Purpose: Example of a completed IT access request for audit trail and governance.
Reviewer: IT Service Desk
Comments: Access aligns with role; MFA verified.
Approval: Approved
Approver: IT Governance Lead
Signature: J. Keller
Date: 09 Apr 2020
Notes: Training results are aggregated by course and do not contain individual comments from a participant.";no;no;no;no;no;no;no;no;no;no;no;no;no;;0;easy;no;yes;train;Clean negative sample.
DOC-0128;it_access_request_clean_0128.pdf;IT Access Request;HR Archive;Anna Keller;anna.keller@bosch.example;2020-05-16;2022-06-19;2,05;"IT System Access Request (Filled)
Purpose: Example of a completed IT access request for audit trail and governance.
Name: Service Account Request
Department: Compliance & Risk
Manager: Functional Manager
System: GRC Role Catalog
Access Level: Viewer
Justification: Needed for audit preparation and role verification activities.
IT System Access Request (Filled) - Review
Purpose: Example of a completed IT access request for audit trail and governance.
Reviewer: Identity & Access Team
Comments: Least-privilege confirmed; access time-limited.
Approval: Approved
Approver: Compliance Officer
Signature: M. Braun
Date: 16 May 2020
Notes: Department aggregate only; no named participant, employee, manager, reviewer, or contact person is included.";no;no;no;no;no;no;no;no;no;no;no;no;no;;0;easy;no;yes;train;Clean negative sample.
DOC-0129;it_access_request_clean_0129.pdf;IT Access Request;OneDrive;Jonas Fischer;jonas.fischer@bosch.example;2020-06-22;2022-08-08;1,62;"IT System Access Request (Filled)
Purpose: Example of a completed IT access request for audit trail and governance.
Name: Service Account Request
Department: Digital Operations
Manager: Functional Manager
System: Document Management Portal
Access Level: Editor
Justification: Required to maintain project documentation and manage controlled templates.
IT System Access Request (Filled) - Review
Purpose: Example of a completed IT access request for audit trail and governance.
Reviewer: IT Service Desk
Comments: Access aligns with role; MFA verified.
Approval: Approved
Approver: IT Governance Lead
Signature: J. Keller
Date: 22 Jun 2020
Notes: Training results are aggregated by course and do not contain individual comments from a participant.";no;no;no;no;no;no;no;no;no;no;no;no;no;;0;easy;no;yes;train;Clean negative sample.
DOC-0130;it_access_request_clean_0130.pdf;IT Access Request;SharePoint;Anna Keller;anna.keller@bosch.example;2020-07-29;2022-09-27;7,18;"IT System Access Request (Filled)
Purpose: Example of a completed IT access request for audit trail and governance.
Name: Service Account Request
Department: Digital Operations
Manager: Functional Manager
System: Document Management Portal
Access Level: Editor
Justification: Required to maintain project documentation and manage controlled templates.
IT System Access Request (Filled) - Review
Purpose: Example of a completed IT access request for audit trail and governance.
Reviewer: IT Service Desk
Comments: Access aligns with role; MFA verified.
Approval: Approved
Approver: IT Governance Lead
Signature: J. Keller
Date: 29 Jul 2020
Notes: Supplier company contact is a generic mailbox and business address, not an individual person's details.";no;no;no;no;no;no;no;no;no;no;no;no;no;;0;easy;no;yes;train;Clean negative sample.
DOC-0131;it_access_request_clean_0131.pdf;IT Access Request;Shared Drive;Jonas Fischer;jonas.fischer@bosch.example;2020-09-04;2022-11-16;7,87;"IT System Access Request Form
Purpose: Used to request IT system access.
Name: ______
Department: ______
System: ______
Access Level: ______
Justification: ______
IT System Access Request Form
Purpose: Used to request IT system access.
IT Review: ______
Comments: ______
Approval: ______
Final Signature: ______
Notes: Department aggregate only; no named participant, employee, manager, reviewer, or contact person is included.";no;no;no;no;no;no;no;no;no;no;no;no;no;;0;easy;no;yes;train;Clean negative sample.
DOC-0132;it_access_request_clean_0132.pdf;IT Access Request;SharePoint;Priya Nair;priya.nair@bosch.example;2020-10-11;2023-01-05;5,93;"IT System Access Request (Filled)
Purpose: Example of a completed IT access request for audit trail and governance.
Name: Service Account Request
Department: Digital Operations
Manager: Functional Manager
System: Document Management Portal
Access Level: Editor
Justification: Required to maintain project documentation and manage controlled templates.
IT System Access Request (Filled) - Review
Purpose: Example of a completed IT access request for audit trail and governance.
Reviewer: IT Service Desk
Comments: Access aligns with role; MFA verified.
Approval: Approved
Approver: IT Governance Lead
Signature: J. Keller
Date: 11 Oct 2020
Notes: Blank template fields remain underscores only, matching the unfilled PDF examples.";no;no;no;no;no;no;no;no;no;no;no;no;no;;0;easy;no;yes;train;Clean negative sample.
DOC-0133;it_access_request_clean_0133.pdf;IT Access Request;OneDrive;Maria Schmidt;maria.schmidt@bosch.example;2020-11-17;2023-02-24;0,63;"IT System Access Request Form
Purpose: Used to request IT system access.
Name: ______
Department: ______
System: ______
Access Level: ______
Justification: ______
IT System Access Request Form
Purpose: Used to request IT system access.
IT Review: ______
Comments: ______
Approval: ______
Final Signature: ______
Notes: Department aggregate only; no named participant, employee, manager, reviewer, or contact person is included.";no;no;no;no;no;no;no;no;no;no;no;no;no;;0;easy;no;yes;train;Clean negative sample.
DOC-0134;it_access_request_clean_0134.pdf;IT Access Request;HR Archive;Priya Nair;priya.nair@bosch.example;2020-12-24;2023-04-15;2,38;"IT System Access Request Form
Purpose: Used to request IT system access.
Name: ______
Department: ______
System: ______
Access Level: ______
Justification: ______
IT System Access Request Form
Purpose: Used to request IT system access.
IT Review: ______
Comments: ______
Approval: ______
Final Signature: ______
Notes: Access Level says Viewer and Signature says ______, matching an empty template field.";no;no;no;no;no;no;no;no;no;no;no;no;no;;0;hard;yes;yes;train;Negative edge case: looks sensitive but should be no personal data.
DOC-0135;it_access_request_clean_0135.pdf;IT Access Request;Shared Drive;Sofia Hartmann;sofia.hartmann@bosch.example;2021-01-30;2023-06-04;0,72;"IT System Access Request (Filled)
Purpose: Example of a completed IT access request for audit trail and governance.
Name: Service Account Request
Department: Compliance & Risk
Manager: Functional Manager
System: GRC Role Catalog
Access Level: Viewer
Justification: Needed for audit preparation and role verification activities.
IT System Access Request (Filled) - Review
Purpose: Example of a completed IT access request for audit trail and governance.
Reviewer: Identity & Access Team
Comments: Least-privilege confirmed; access time-limited.
Approval: Approved
Approver: Compliance Officer
Signature: M. Braun
Date: 30 Jan 2021
Notes: Department aggregate only; no named participant, employee, manager, reviewer, or contact person is included.";no;no;no;no;no;no;no;no;no;no;no;no;no;;0;easy;no;no;train;Clean negative sample.
DOC-0136;it_access_request_clean_0136.pdf;IT Access Request;OneDrive;Max Wagner;max.wagner@bosch.example;2021-03-08;2023-07-24;8,22;"IT System Access Request (Filled)
Purpose: Example of a completed IT access request for audit trail and governance.
Name: Service Account Request
Department: Compliance & Risk
Manager: Functional Manager
System: GRC Role Catalog
Access Level: Viewer
Justification: Needed for audit preparation and role verification activities.
IT System Access Request (Filled) - Review
Purpose: Example of a completed IT access request for audit trail and governance.
Reviewer: Identity & Access Team
Comments: Least-privilege confirmed; access time-limited.
Approval: Approved
Approver: Compliance Officer
Signature: M. Braun
Date: 08 Mar 2021
Notes: Department aggregate only; no named participant, employee, manager, reviewer, or contact person is included.";no;no;no;no;no;no;no;no;no;no;no;no;no;;0;easy;no;no;train;Clean negative sample.
DOC-0137;it_access_request_clean_0137.pdf;IT Access Request;SharePoint;Priya Nair;priya.nair@bosch.example;2021-04-14;2023-09-12;4,47;"IT System Access Request (Filled)
Purpose: Example of a completed IT access request for audit trail and governance.
Name: Service Account Request
Department: Digital Operations
Manager: Functional Manager
System: Document Management Portal
Access Level: Editor
Justification: Required to maintain project documentation and manage controlled templates.
IT System Access Request (Filled) - Review
Purpose: Example of a completed IT access request for audit trail and governance.
Reviewer: IT Service Desk
Comments: Access aligns with role; MFA verified.
Approval: Approved
Approver: IT Governance Lead
Signature: J. Keller
Date: 14 Apr 2021
Notes: Supplier company contact is a generic mailbox and business address, not an individual person's details.";no;no;no;no;no;no;no;no;no;no;no;no;no;;0;easy;no;no;train;Clean negative sample.
DOC-0138;it_access_request_clean_0138.pdf;IT Access Request;Teams Export;Anna Keller;anna.keller@bosch.example;2021-05-21;2023-11-01;3,41;"IT System Access Request (Filled)
Purpose: Example of a completed IT access request for audit trail and governance.
Name: Service Account Request
Department: Digital Operations
Manager: Functional Manager
System: Document Management Portal
Access Level: Editor
Justification: Required to maintain project documentation and manage controlled templates.
IT System Access Request (Filled) - Review
Purpose: Example of a completed IT access request for audit trail and governance.
Reviewer: IT Service Desk
Comments: Access aligns with role; MFA verified.
Approval: Approved
Approver: IT Governance Lead
Signature: J. Keller
Date: 21 May 2021
Notes: Training results are aggregated by course and do not contain individual comments from a participant.";no;no;no;no;no;no;no;no;no;no;no;no;no;;0;easy;no;no;train;Clean negative sample.
DOC-0139;it_access_request_clean_0139.pdf;IT Access Request;OneDrive;Maria Schmidt;maria.schmidt@bosch.example;2021-06-27;2021-07-04;1,92;"IT System Access Request Form
Purpose: Used to request IT system access.
Name: ______
Department: ______
System: ______
Access Level: ______
Justification: ______
IT System Access Request Form
Purpose: Used to request IT system access.
IT Review: ______
Comments: ______
Approval: ______
Final Signature: ______
Notes: Training results are aggregated by course and do not contain individual comments from a participant.";no;no;no;no;no;no;no;no;no;no;no;no;no;;0;easy;no;yes;train;Clean negative sample.
DOC-0140;it_access_request_clean_0140.pdf;IT Access Request;Shared Drive;Priya Nair;priya.nair@bosch.example;2021-08-03;2021-08-23;2,7;"IT System Access Request (Filled)
Purpose: Example of a completed IT access request for audit trail and governance.
Name: Service Account Request
Department: Digital Operations
Manager: Functional Manager
System: Document Management Portal
Access Level: Editor
Justification: Required to maintain project documentation and manage controlled templates.
IT System Access Request (Filled) - Review
Purpose: Example of a completed IT access request for audit trail and governance.
Reviewer: IT Service Desk
Comments: Access aligns with role; MFA verified.
Approval: Approved
Approver: IT Governance Lead
Signature: J. Keller
Date: 03 Aug 2021
Notes: Blank template fields remain underscores only, matching the unfilled PDF examples.";no;no;no;no;no;no;no;no;no;no;no;no;no;;0;easy;no;yes;train;Clean negative sample.
DOC-0141;it_access_request_clean_0141.pdf;IT Access Request;Teams Export;Tom Nguyen;tom.nguyen@bosch.example;2021-09-09;2021-10-12;0,53;"IT System Access Request (Filled)
Purpose: Example of a completed IT access request for audit trail and governance.
Name: Service Account Request
Department: Compliance & Risk
Manager: Functional Manager
System: GRC Role Catalog
Access Level: Viewer
Justification: Needed for audit preparation and role verification activities.
IT System Access Request (Filled) - Review
Purpose: Example of a completed IT access request for audit trail and governance.
Reviewer: Identity & Access Team
Comments: Least-privilege confirmed; access time-limited.
Approval: Approved
Approver: Compliance Officer
Signature: M. Braun
Date: 09 Sept 2021
Notes: Department aggregate only; no named participant, employee, manager, reviewer, or contact person is included.";no;no;no;no;no;no;no;no;no;no;no;no;no;;0;easy;no;yes;train;Clean negative sample.
DOC-0142;it_access_request_clean_0142.pdf;IT Access Request;HR Archive;Max Wagner;max.wagner@bosch.example;2021-10-16;2021-12-01;8,29;"IT System Access Request (Filled)
Purpose: Example of a completed IT access request for audit trail and governance.
Name: Service Account Request
Department: Compliance & Risk
Manager: Functional Manager
System: GRC Role Catalog
Access Level: Viewer
Justification: Needed for audit preparation and role verification activities.
IT System Access Request (Filled) - Review
Purpose: Example of a completed IT access request for audit trail and governance.
Reviewer: Identity & Access Team
Comments: Least-privilege confirmed; access time-limited.
Approval: Approved
Approver: Compliance Officer
Signature: M. Braun
Date: 16 Oct 2021
Notes: Training results are aggregated by course and do not contain individual comments from a participant.";no;no;no;no;no;no;no;no;no;no;no;no;no;;0;easy;no;yes;train;Clean negative sample.
DOC-0143;it_access_request_clean_0143.pdf;IT Access Request;OneDrive;Maria Schmidt;maria.schmidt@bosch.example;2021-11-22;2022-01-20;0,22;"IT System Access Request Form
Purpose: Used to request IT system access.
Name: ______
Department: ______
System: ______
Access Level: ______
Justification: ______
IT System Access Request Form
Purpose: Used to request IT system access.
IT Review: ______
Comments: ______
Approval: ______
Final Signature: ______
Notes: Blank template fields remain underscores only, matching the unfilled PDF examples.";no;no;no;no;no;no;no;no;no;no;no;no;no;;0;easy;no;yes;train;Clean negative sample.
DOC-0144;it_access_request_clean_0144.pdf;IT Access Request;Shared Drive;Max Wagner;max.wagner@bosch.example;2021-12-29;2022-03-11;2,08;"IT System Access Request (Filled)
Purpose: Example of a completed IT access request for audit trail and governance.
Name: Service Account Request
Department: Digital Operations
Manager: Functional Manager
System: Document Management Portal
Access Level: Editor
Justification: Required to maintain project documentation and manage controlled templates.
IT System Access Request (Filled) - Review
Purpose: Example of a completed IT access request for audit trail and governance.
Reviewer: IT Service Desk
Comments: Access aligns with role; MFA verified.
Approval: Approved
Approver: IT Governance Lead
Signature: J. Keller
Date: 29 Dec 2021
Notes: Department aggregate only; no named participant, employee, manager, reviewer, or contact person is included.";no;no;no;no;no;no;no;no;no;no;no;no;no;;0;easy;no;yes;train;Clean negative sample.
DOC-0145;it_access_request_clean_0145.pdf;IT Access Request;Shared Drive;Lukas Weber;lukas.weber@bosch.example;2022-02-04;2022-04-30;5,52;"IT System Access Request Form
Purpose: Used to request IT system access.
Name: ______
Department: ______
System: ______
Access Level: ______
Justification: ______
IT System Access Request Form
Purpose: Used to request IT system access.
IT Review: ______
Comments: ______
Approval: ______
Final Signature: ______
Notes: Training results are aggregated by course and do not contain individual comments from a participant.";no;no;no;no;no;no;no;no;no;no;no;no;no;;0;easy;no;yes;train;Clean negative sample.
DOC-0146;it_access_request_clean_0146.pdf;IT Access Request;HR Archive;Lukas Weber;lukas.weber@bosch.example;2022-03-13;2022-06-19;4,33;"IT System Access Request (Filled)
Purpose: Example of a completed IT access request for audit trail and governance.
Name: Service Account Request
Department: Compliance & Risk
Manager: Functional Manager
System: GRC Role Catalog
Access Level: Viewer
Justification: Needed for audit preparation and role verification activities.
IT System Access Request (Filled) - Review
Purpose: Example of a completed IT access request for audit trail and governance.
Reviewer: Identity & Access Team
Comments: Least-privilege confirmed; access time-limited.
Approval: Approved
Approver: Compliance Officer
Signature: M. Braun
Date: 13 Mar 2022
Notes: Training results are aggregated by course and do not contain individual comments from a participant.";no;no;no;no;no;no;no;no;no;no;no;no;no;;0;easy;no;yes;train;Clean negative sample.
DOC-0147;it_access_request_clean_0147.pdf;IT Access Request;HR Archive;Sofia Hartmann;sofia.hartmann@bosch.example;2022-04-19;2022-08-08;1,96;"IT System Access Request (Filled)
Purpose: Example of a completed IT access request for audit trail and governance.
Name: Service Account Request
Department: Compliance & Risk
Manager: Functional Manager
System: GRC Role Catalog
Access Level: Viewer
Justification: Needed for audit preparation and role verification activities.
IT System Access Request (Filled) - Review
Purpose: Example of a completed IT access request for audit trail and governance.
Reviewer: Identity & Access Team
Comments: Least-privilege confirmed; access time-limited.
Approval: Approved
Approver: Compliance Officer
Signature: M. Braun
Date: 19 Apr 2022
Notes: Supplier company contact is a generic mailbox and business address, not an individual person's details.";no;no;no;no;no;no;no;no;no;no;no;no;no;;0;easy;no;yes;train;Clean negative sample.
DOC-0148;it_access_request_clean_0148.pdf;IT Access Request;Shared Drive;Priya Nair;priya.nair@bosch.example;2022-05-26;2022-09-27;4,23;"IT System Access Request Form
Purpose: Used to request IT system access.
Name: ______
Department: ______
System: ______
Access Level: ______
Justification: ______
IT System Access Request Form
Purpose: Used to request IT system access.
IT Review: ______
Comments: ______
Approval: ______
Final Signature: ______
Notes: Training results are aggregated by course and do not contain individual comments from a participant.";no;no;no;no;no;no;no;no;no;no;no;no;no;;0;easy;no;yes;train;Clean negative sample.
DOC-0149;it_access_request_clean_0149.pdf;IT Access Request;Teams Export;Sofia Hartmann;sofia.hartmann@bosch.example;2022-07-02;2022-11-16;8,11;"IT System Access Request (Filled)
Purpose: Example of a completed IT access request for audit trail and governance.
Name: Service Account Request
Department: Digital Operations
Manager: Functional Manager
System: Document Management Portal
Access Level: Editor
Justification: Required to maintain project documentation and manage controlled templates.
IT System Access Request (Filled) - Review
Purpose: Example of a completed IT access request for audit trail and governance.
Reviewer: IT Service Desk
Comments: Access aligns with role; MFA verified.
Approval: Approved
Approver: IT Governance Lead
Signature: J. Keller
Date: 02 Jul 2022
Notes: Training results are aggregated by course and do not contain individual comments from a participant.";no;no;no;no;no;no;no;no;no;no;no;no;no;;0;easy;no;yes;train;Clean negative sample.
DOC-0150;it_access_request_clean_0150.pdf;IT Access Request;HR Archive;Maria Schmidt;maria.schmidt@bosch.example;2022-08-08;2023-01-05;0,65;"IT System Access Request (Filled)
Purpose: Example of a completed IT access request for audit trail and governance.
Name: Service Account Request
Department: Digital Operations
Manager: Functional Manager
System: Document Management Portal
Access Level: Editor
Justification: Required to maintain project documentation and manage controlled templates.
IT System Access Request (Filled) - Review
Purpose: Example of a completed IT access request for audit trail and governance.
Reviewer: IT Service Desk
Comments: Access aligns with role; MFA verified.
Approval: Approved
Approver: IT Governance Lead
Signature: J. Keller
Date: 08 Aug 2022
Notes: Supplier company contact is a generic mailbox and business address, not an individual person's details.";no;no;no;no;no;no;no;no;no;no;no;no;no;;0;easy;no;yes;train;Clean negative sample.
DOC-0151;it_access_request_clean_0151.pdf;IT Access Request;SharePoint;Priya Nair;priya.nair@bosch.example;2022-09-14;2023-02-24;7,62;"IT System Access Request (Filled)
Purpose: Example of a completed IT access request for audit trail and governance.
Name: Service Account Request
Department: Digital Operations
Manager: Functional Manager
System: Document Management Portal
Access Level: Editor
Justification: Required to maintain project documentation and manage controlled templates.
IT System Access Request (Filled) - Review
Purpose: Example of a completed IT access request for audit trail and governance.
Reviewer: IT Service Desk
Comments: Access aligns with role; MFA verified.
Approval: Approved
Approver: IT Governance Lead
Signature: J. Keller
Date: 14 Sept 2022
Notes: Access Level says Viewer and Signature says ______, matching an empty template field.";no;no;no;no;no;no;no;no;no;no;no;no;no;;0;hard;yes;yes;train;Negative edge case: looks sensitive but should be no personal data.
DOC-0152;it_access_request_clean_0152.pdf;IT Access Request;OneDrive;Tom Nguyen;tom.nguyen@bosch.example;2022-10-21;2023-04-15;5,56;"IT System Access Request (Filled)
Purpose: Example of a completed IT access request for audit trail and governance.
Name: Service Account Request
Department: Digital Operations
Manager: Functional Manager
System: Document Management Portal
Access Level: Editor
Justification: Required to maintain project documentation and manage controlled templates.
IT System Access Request (Filled) - Review
Purpose: Example of a completed IT access request for audit trail and governance.
Reviewer: IT Service Desk
Comments: Access aligns with role; MFA verified.
Approval: Approved
Approver: IT Governance Lead
Signature: J. Keller
Date: 21 Oct 2022
Notes: Role-based labels only, such as Team Lead, Facility Coordinator, Procurement Ops, or IT Service Desk.";no;no;no;no;no;no;no;no;no;no;no;no;no;;0;easy;no;yes;train;Clean negative sample.
DOC-0153;it_access_request_clean_0153.pdf;IT Access Request;Shared Drive;Maria Schmidt;maria.schmidt@bosch.example;2022-11-27;2023-06-04;1,61;"IT System Access Request (Filled)
Purpose: Example of a completed IT access request for audit trail and governance.
Name: Service Account Request
Department: Digital Operations
Manager: Functional Manager
System: Document Management Portal
Access Level: Editor
Justification: Required to maintain project documentation and manage controlled templates.
IT System Access Request (Filled) - Review
Purpose: Example of a completed IT access request for audit trail and governance.
Reviewer: IT Service Desk
Comments: Access aligns with role; MFA verified.
Approval: Approved
Approver: IT Governance Lead
Signature: J. Keller
Date: 27 Nov 2022
Notes: Department aggregate only; no named participant, employee, manager, reviewer, or contact person is included.";no;no;no;no;no;no;no;no;no;no;no;no;no;;0;easy;no;no;train;Clean negative sample.
DOC-0154;it_access_request_clean_0154.pdf;IT Access Request;HR Archive;Tom Nguyen;tom.nguyen@bosch.example;2023-01-03;2023-07-24;1,46;"IT System Access Request Form
Purpose: Used to request IT system access.
Name: ______
Department: ______
System: ______
Access Level: ______
Justification: ______
IT System Access Request Form
Purpose: Used to request IT system access.
IT Review: ______
Comments: ______
Approval: ______
Final Signature: ______
Notes: Supplier company contact is a generic mailbox and business address, not an individual person's details.";no;no;no;no;no;no;no;no;no;no;no;no;no;;0;easy;no;no;train;Clean negative sample.
DOC-0155;it_access_request_clean_0155.pdf;IT Access Request;Shared Drive;Elena Hoffmann;elena.hoffmann@bosch.example;2023-02-09;2023-09-12;2,89;"IT System Access Request Form
Purpose: Used to request IT system access.
Name: ______
Department: ______
System: ______
Access Level: ______
Justification: ______
IT System Access Request Form
Purpose: Used to request IT system access.
IT Review: ______
Comments: ______
Approval: ______
Final Signature: ______
Notes: Department aggregate only; no named participant, employee, manager, reviewer, or contact person is included.";no;no;no;no;no;no;no;no;no;no;no;no;no;;0;easy;no;no;train;Clean negative sample.
DOC-0156;it_access_request_clean_0156.pdf;IT Access Request;OneDrive;Jonas Fischer;jonas.fischer@bosch.example;2023-03-18;2023-11-01;6,05;"IT System Access Request (Filled)
Purpose: Example of a completed IT access request for audit trail and governance.
Name: Service Account Request
Department: Digital Operations
Manager: Functional Manager
System: Document Management Portal
Access Level: Editor
Justification: Required to maintain project documentation and manage controlled templates.
IT System Access Request (Filled) - Review
Purpose: Example of a completed IT access request for audit trail and governance.
Reviewer: IT Service Desk
Comments: Access aligns with role; MFA verified.
Approval: Approved
Approver: IT Governance Lead
Signature: J. Keller
Date: 18 Mar 2023
Notes: Role-based labels only, such as Team Lead, Facility Coordinator, Procurement Ops, or IT Service Desk.";no;no;no;no;no;no;no;no;no;no;no;no;no;;0;easy;no;no;train;Clean negative sample.
DOC-0157;it_access_request_clean_0157.pdf;IT Access Request;Teams Export;Tom Nguyen;tom.nguyen@bosch.example;2023-04-24;2023-12-21;3,22;"IT System Access Request (Filled)
Purpose: Example of a completed IT access request for audit trail and governance.
Name: Service Account Request
Department: Digital Operations
Manager: Functional Manager
System: Document Management Portal
Access Level: Editor
Justification: Required to maintain project documentation and manage controlled templates.
IT System Access Request (Filled) - Review
Purpose: Example of a completed IT access request for audit trail and governance.
Reviewer: IT Service Desk
Comments: Access aligns with role; MFA verified.
Approval: Approved
Approver: IT Governance Lead
Signature: J. Keller
Date: 24 Apr 2023
Notes: Department aggregate only; no named participant, employee, manager, reviewer, or contact person is included.";no;no;no;no;no;no;no;no;no;no;no;no;no;;0;easy;no;no;train;Clean negative sample.
DOC-0158;it_access_request_clean_0158.pdf;IT Access Request;Teams Export;Noah Becker;noah.becker@bosch.example;2023-05-31;2024-02-09;3,36;"IT System Access Request (Filled)
Purpose: Example of a completed IT access request for audit trail and governance.
Name: Service Account Request
Department: Compliance & Risk
Manager: Functional Manager
System: GRC Role Catalog
Access Level: Viewer
Justification: Needed for audit preparation and role verification activities.
IT System Access Request (Filled) - Review
Purpose: Example of a completed IT access request for audit trail and governance.
Reviewer: Identity & Access Team
Comments: Least-privilege confirmed; access time-limited.
Approval: Approved
Approver: Compliance Officer
Signature: M. Braun
Date: 31 May 2023
Notes: Training results are aggregated by course and do not contain individual comments from a participant.";no;no;no;no;no;no;no;no;no;no;no;no;no;;0;easy;no;no;train;Clean negative sample.
DOC-0159;it_access_request_clean_0159.pdf;IT Access Request;OneDrive;Maria Schmidt;maria.schmidt@bosch.example;2023-07-07;2024-03-30;4,98;"IT System Access Request (Filled)
Purpose: Example of a completed IT access request for audit trail and governance.
Name: Service Account Request
Department: Compliance & Risk
Manager: Functional Manager
System: GRC Role Catalog
Access Level: Viewer
Justification: Needed for audit preparation and role verification activities.
IT System Access Request (Filled) - Review
Purpose: Example of a completed IT access request for audit trail and governance.
Reviewer: Identity & Access Team
Comments: Least-privilege confirmed; access time-limited.
Approval: Approved
Approver: Compliance Officer
Signature: M. Braun
Date: 07 Jul 2023
Notes: Supplier company contact is a generic mailbox and business address, not an individual person's details.";no;no;no;no;no;no;no;no;no;no;no;no;no;;0;easy;no;no;train;Clean negative sample.
DOC-0160;it_access_request_clean_0160.pdf;IT Access Request;HR Archive;Sofia Hartmann;sofia.hartmann@bosch.example;2023-08-13;2024-05-19;5,32;"IT System Access Request Form
Purpose: Used to request IT system access.
Name: ______
Department: ______
System: ______
Access Level: ______
Justification: ______
IT System Access Request Form
Purpose: Used to request IT system access.
IT Review: ______
Comments: ______
Approval: ______
Final Signature: ______
Notes: Department aggregate only; no named participant, employee, manager, reviewer, or contact person is included.";no;no;no;no;no;no;no;no;no;no;no;no;no;;0;easy;no;no;train;Clean negative sample.
DOC-0161;it_access_request_clean_0161.pdf;IT Access Request;Teams Export;Jonas Fischer;jonas.fischer@bosch.example;2023-09-19;2024-07-08;4,88;"IT System Access Request (Filled)
Purpose: Example of a completed IT access request for audit trail and governance.
Name: Service Account Request
Department: Compliance & Risk
Manager: Functional Manager
System: GRC Role Catalog
Access Level: Viewer
Justification: Needed for audit preparation and role verification activities.
IT System Access Request (Filled) - Review
Purpose: Example of a completed IT access request for audit trail and governance.
Reviewer: Identity & Access Team
Comments: Least-privilege confirmed; access time-limited.
Approval: Approved
Approver: Compliance Officer
Signature: M. Braun
Date: 19 Sept 2023
Notes: Training results are aggregated by course and do not contain individual comments from a participant.";no;no;no;no;no;no;no;no;no;no;no;no;no;;0;easy;no;no;train;Clean negative sample.
DOC-0162;it_access_request_clean_0162.pdf;IT Access Request;HR Archive;Jonas Fischer;jonas.fischer@bosch.example;2023-10-26;2024-08-27;8,39;"IT System Access Request Form
Purpose: Used to request IT system access.
Name: ______
Department: ______
System: ______
Access Level: ______
Justification: ______
IT System Access Request Form
Purpose: Used to request IT system access.
IT Review: ______
Comments: ______
Approval: ______
Final Signature: ______
Notes: Supplier company contact is a generic mailbox and business address, not an individual person's details.";no;no;no;no;no;no;no;no;no;no;no;no;no;;0;easy;no;no;train;Clean negative sample.
DOC-0163;it_access_request_clean_0163.pdf;IT Access Request;Shared Drive;Sofia Hartmann;sofia.hartmann@bosch.example;2023-12-02;2024-10-16;1,57;"IT System Access Request (Filled)
Purpose: Example of a completed IT access request for audit trail and governance.
Name: Service Account Request
Department: Compliance & Risk
Manager: Functional Manager
System: GRC Role Catalog
Access Level: Viewer
Justification: Needed for audit preparation and role verification activities.
IT System Access Request (Filled) - Review
Purpose: Example of a completed IT access request for audit trail and governance.
Reviewer: Identity & Access Team
Comments: Least-privilege confirmed; access time-limited.
Approval: Approved
Approver: Compliance Officer
Signature: M. Braun
Date: 02 Dec 2023
Notes: Role-based labels only, such as Team Lead, Facility Coordinator, Procurement Ops, or IT Service Desk.";no;no;no;no;no;no;no;no;no;no;no;no;no;;0;easy;no;no;train;Clean negative sample.
DOC-0164;it_access_request_clean_0164.pdf;IT Access Request;Teams Export;Noah Becker;noah.becker@bosch.example;2024-01-08;2024-12-05;7,66;"IT System Access Request Form
Purpose: Used to request IT system access.
Name: ______
Department: ______
System: ______
Access Level: ______
Justification: ______
IT System Access Request Form
Purpose: Used to request IT system access.
IT Review: ______
Comments: ______
Approval: ______
Final Signature: ______
Notes: Supplier company contact is a generic mailbox and business address, not an individual person's details.";no;no;no;no;no;no;no;no;no;no;no;no;no;;0;easy;no;no;train;Clean negative sample.
DOC-0165;it_access_request_clean_0165.pdf;IT Access Request;HR Archive;Maria Schmidt;maria.schmidt@bosch.example;2024-02-14;2025-01-24;2,98;"IT System Access Request Form
Purpose: Used to request IT system access.
Name: ______
Department: ______
System: ______
Access Level: ______
Justification: ______
IT System Access Request Form
Purpose: Used to request IT system access.
IT Review: ______
Comments: ______
Approval: ______
Final Signature: ______
Notes: Training results are aggregated by course and do not contain individual comments from a participant.";no;no;no;no;no;no;no;no;no;no;no;no;no;;0;easy;no;no;train;Clean negative sample.
DOC-0166;it_access_request_clean_0166.pdf;IT Access Request;Shared Drive;Priya Nair;priya.nair@bosch.example;2024-03-22;2025-03-15;8,51;"IT System Access Request (Filled)
Purpose: Example of a completed IT access request for audit trail and governance.
Name: Service Account Request
Department: Compliance & Risk
Manager: Functional Manager
System: GRC Role Catalog
Access Level: Viewer
Justification: Needed for audit preparation and role verification activities.
IT System Access Request (Filled) - Review
Purpose: Example of a completed IT access request for audit trail and governance.
Reviewer: Identity & Access Team
Comments: Least-privilege confirmed; access time-limited.
Approval: Approved
Approver: Compliance Officer
Signature: M. Braun
Date: 22 Mar 2024
Notes: Supplier company contact is a generic mailbox and business address, not an individual person's details.";no;no;no;no;no;no;no;no;no;no;no;no;no;;0;easy;no;no;train;Clean negative sample.
DOC-0167;it_access_request_clean_0167.pdf;IT Access Request;OneDrive;Jonas Fischer;jonas.fischer@bosch.example;2024-04-28;2025-05-04;0,29;"IT System Access Request Form
Purpose: Used to request IT system access.
Name: ______
Department: ______
System: ______
Access Level: ______
Justification: ______
IT System Access Request Form
Purpose: Used to request IT system access.
IT Review: ______
Comments: ______
Approval: ______
Final Signature: ______
Notes: Department aggregate only; no named participant, employee, manager, reviewer, or contact person is included.";no;no;no;no;no;no;no;no;no;no;no;no;no;;0;easy;no;no;train;Clean negative sample.
DOC-0168;it_access_request_clean_0168.pdf;IT Access Request;SharePoint;Lukas Weber;lukas.weber@bosch.example;2024-06-04;2025-06-23;0,65;"IT System Access Request (Filled)
Purpose: Example of a completed IT access request for audit trail and governance.
Name: Service Account Request
Department: Digital Operations
Manager: Functional Manager
System: Document Management Portal
Access Level: Editor
Justification: Required to maintain project documentation and manage controlled templates.
IT System Access Request (Filled) - Review
Purpose: Example of a completed IT access request for audit trail and governance.
Reviewer: IT Service Desk
Comments: Access aligns with role; MFA verified.
Approval: Approved
Approver: IT Governance Lead
Signature: J. Keller
Date: 04 Jun 2024
Notes: Photo upload policy is referenced, but no identifiable person's image or video is attached.";no;no;no;no;no;no;no;no;no;no;no;no;no;;0;hard;yes;no;train;Negative edge case: looks sensitive but should be no personal data.
DOC-0169;it_access_request_clean_0169.pdf;IT Access Request;Shared Drive;Anna Keller;anna.keller@bosch.example;2024-07-11;2025-08-12;5,07;"IT System Access Request (Filled)
Purpose: Example of a completed IT access request for audit trail and governance.
Name: Service Account Request
Department: Compliance & Risk
Manager: Functional Manager
System: GRC Role Catalog
Access Level: Viewer
Justification: Needed for audit preparation and role verification activities.
IT System Access Request (Filled) - Review
Purpose: Example of a completed IT access request for audit trail and governance.
Reviewer: Identity & Access Team
Comments: Least-privilege confirmed; access time-limited.
Approval: Approved
Approver: Compliance Officer
Signature: M. Braun
Date: 11 Jul 2024
Notes: Department aggregate only; no named participant, employee, manager, reviewer, or contact person is included.";no;no;no;no;no;no;no;no;no;no;no;no;no;;0;easy;no;no;train;Clean negative sample.
DOC-0170;it_access_request_clean_0170.pdf;IT Access Request;Teams Export;Tom Nguyen;tom.nguyen@bosch.example;2024-08-17;2025-10-01;8,43;"IT System Access Request (Filled)
Purpose: Example of a completed IT access request for audit trail and governance.
Name: Service Account Request
Department: Digital Operations
Manager: Functional Manager
System: Document Management Portal
Access Level: Editor
Justification: Required to maintain project documentation and manage controlled templates.
IT System Access Request (Filled) - Review
Purpose: Example of a completed IT access request for audit trail and governance.
Reviewer: IT Service Desk
Comments: Access aligns with role; MFA verified.
Approval: Approved
Approver: IT Governance Lead
Signature: J. Keller
Date: 17 Aug 2024
Notes: Training results are aggregated by course and do not contain individual comments from a participant.";no;no;no;no;no;no;no;no;no;no;no;no;no;;0;easy;no;no;train;Clean negative sample.
DOC-0171;it_access_request_clean_0171.pdf;IT Access Request;OneDrive;Noah Becker;noah.becker@bosch.example;2024-09-23;2025-11-20;0,47;"IT System Access Request (Filled)
Purpose: Example of a completed IT access request for audit trail and governance.
Name: Service Account Request
Department: Digital Operations
Manager: Functional Manager
System: Document Management Portal
Access Level: Editor
Justification: Required to maintain project documentation and manage controlled templates.
IT System Access Request (Filled) - Review
Purpose: Example of a completed IT access request for audit trail and governance.
Reviewer: IT Service Desk
Comments: Access aligns with role; MFA verified.
Approval: Approved
Approver: IT Governance Lead
Signature: J. Keller
Date: 23 Sept 2024
Notes: Blank template fields remain underscores only, matching the unfilled PDF examples.";no;no;no;no;no;no;no;no;no;no;no;no;no;;0;easy;no;no;validation;Clean negative sample.
DOC-0172;it_access_request_clean_0172.pdf;IT Access Request;Teams Export;Max Wagner;max.wagner@bosch.example;2024-10-30;2026-01-09;7,45;"IT System Access Request (Filled)
Purpose: Example of a completed IT access request for audit trail and governance.
Name: Service Account Request
Department: Digital Operations
Manager: Functional Manager
System: Document Management Portal
Access Level: Editor
Justification: Required to maintain project documentation and manage controlled templates.
IT System Access Request (Filled) - Review
Purpose: Example of a completed IT access request for audit trail and governance.
Reviewer: IT Service Desk
Comments: Access aligns with role; MFA verified.
Approval: Approved
Approver: IT Governance Lead
Signature: J. Keller
Date: 30 Oct 2024
Notes: Department aggregate only; no named participant, employee, manager, reviewer, or contact person is included.";no;no;no;no;no;no;no;no;no;no;no;no;no;;0;easy;no;no;validation;Clean negative sample.
DOC-0173;it_access_request_clean_0173.pdf;IT Access Request;HR Archive;Anna Keller;anna.keller@bosch.example;2024-12-06;2026-02-28;0,47;"IT System Access Request Form
Purpose: Used to request IT system access.
Name: ______
Department: ______
System: ______
Access Level: ______
Justification: ______
IT System Access Request Form
Purpose: Used to request IT system access.
IT Review: ______
Comments: ______
Approval: ______
Final Signature: ______
Notes: Supplier company contact is a generic mailbox and business address, not an individual person's details.";no;no;no;no;no;no;no;no;no;no;no;no;no;;0;easy;no;no;validation;Clean negative sample.
DOC-0174;it_access_request_clean_0174.pdf;IT Access Request;OneDrive;Max Wagner;max.wagner@bosch.example;2025-01-12;2026-04-19;0,31;"IT System Access Request (Filled)
Purpose: Example of a completed IT access request for audit trail and governance.
Name: Service Account Request
Department: Compliance & Risk
Manager: Functional Manager
System: GRC Role Catalog
Access Level: Viewer
Justification: Needed for audit preparation and role verification activities.
IT System Access Request (Filled) - Review
Purpose: Example of a completed IT access request for audit trail and governance.
Reviewer: Identity & Access Team
Comments: Least-privilege confirmed; access time-limited.
Approval: Approved
Approver: Compliance Officer
Signature: M. Braun
Date: 12 Jan 2025
Notes: Department aggregate only; no named participant, employee, manager, reviewer, or contact person is included.";no;no;no;no;no;no;no;no;no;no;no;no;no;;0;easy;no;no;validation;Clean negative sample.
DOC-0175;it_access_request_clean_0175.pdf;IT Access Request;HR Archive;Elena Hoffmann;elena.hoffmann@bosch.example;2025-02-18;2026-06-08;1,3;"IT System Access Request (Filled)
Purpose: Example of a completed IT access request for audit trail and governance.
Name: Service Account Request
Department: Digital Operations
Manager: Functional Manager
System: Document Management Portal
Access Level: Editor
Justification: Required to maintain project documentation and manage controlled templates.
IT System Access Request (Filled) - Review
Purpose: Example of a completed IT access request for audit trail and governance.
Reviewer: IT Service Desk
Comments: Access aligns with role; MFA verified.
Approval: Approved
Approver: IT Governance Lead
Signature: J. Keller
Date: 18 Feb 2025
Notes: Blank template fields remain underscores only, matching the unfilled PDF examples.";no;no;no;no;no;no;no;no;no;no;no;no;no;;0;easy;no;no;validation;Clean negative sample.
DOC-0176;it_access_request_clean_0176.pdf;IT Access Request;SharePoint;Noah Becker;noah.becker@bosch.example;2025-03-27;2026-07-28;6,51;"IT System Access Request Form
Purpose: Used to request IT system access.
Name: ______
Department: ______
System: ______
Access Level: ______
Justification: ______
IT System Access Request Form
Purpose: Used to request IT system access.
IT Review: ______
Comments: ______
Approval: ______
Final Signature: ______
Notes: Training results are aggregated by course and do not contain individual comments from a participant.";no;no;no;no;no;no;no;no;no;no;no;no;no;;0;easy;no;no;validation;Clean negative sample.
DOC-0177;it_access_request_clean_0177.pdf;IT Access Request;Shared Drive;Priya Nair;priya.nair@bosch.example;2025-05-03;2026-09-16;1,38;"IT System Access Request Form
Purpose: Used to request IT system access.
Name: ______
Department: ______
System: ______
Access Level: ______
Justification: ______
IT System Access Request Form
Purpose: Used to request IT system access.
IT Review: ______
Comments: ______
Approval: ______
Final Signature: ______
Notes: Role-based labels only, such as Team Lead, Facility Coordinator, Procurement Ops, or IT Service Desk.";no;no;no;no;no;no;no;no;no;no;no;no;no;;0;easy;no;no;validation;Clean negative sample.
DOC-0178;it_access_request_clean_0178.pdf;IT Access Request;Teams Export;Tom Nguyen;tom.nguyen@bosch.example;2025-06-09;2026-11-05;1,91;"IT System Access Request Form
Purpose: Used to request IT system access.
Name: ______
Department: ______
System: ______
Access Level: ______
Justification: ______
IT System Access Request Form
Purpose: Used to request IT system access.
IT Review: ______
Comments: ______
Approval: ______
Final Signature: ______
Notes: Role-based labels only, such as Team Lead, Facility Coordinator, Procurement Ops, or IT Service Desk.";no;no;no;no;no;no;no;no;no;no;no;no;no;;0;easy;no;no;validation;Clean negative sample.
DOC-0179;it_access_request_clean_0179.pdf;IT Access Request;SharePoint;Sofia Hartmann;sofia.hartmann@bosch.example;2025-07-16;2026-12-25;3,98;"IT System Access Request (Filled)
Purpose: Example of a completed IT access request for audit trail and governance.
Name: Service Account Request
Department: Digital Operations
Manager: Functional Manager
System: Document Management Portal
Access Level: Editor
Justification: Required to maintain project documentation and manage controlled templates.
IT System Access Request (Filled) - Review
Purpose: Example of a completed IT access request for audit trail and governance.
Reviewer: IT Service Desk
Comments: Access aligns with role; MFA verified.
Approval: Approved
Approver: IT Governance Lead
Signature: J. Keller
Date: 16 Jul 2025
Notes: Training results are aggregated by course and do not contain individual comments from a participant.";no;no;no;no;no;no;no;no;no;no;no;no;no;;0;easy;no;no;validation;Clean negative sample.
DOC-0180;it_access_request_clean_0180.pdf;IT Access Request;Teams Export;Tom Nguyen;tom.nguyen@bosch.example;2025-08-22;2027-02-13;8,21;"IT System Access Request (Filled)
Purpose: Example of a completed IT access request for audit trail and governance.
Name: Service Account Request
Department: Compliance & Risk
Manager: Functional Manager
System: GRC Role Catalog
Access Level: Viewer
Justification: Needed for audit preparation and role verification activities.
IT System Access Request (Filled) - Review
Purpose: Example of a completed IT access request for audit trail and governance.
Reviewer: Identity & Access Team
Comments: Least-privilege confirmed; access time-limited.
Approval: Approved
Approver: Compliance Officer
Signature: M. Braun
Date: 22 Aug 2025
Notes: Blank template fields remain underscores only, matching the unfilled PDF examples.";no;no;no;no;no;no;no;no;no;no;no;no;no;;0;easy;no;no;validation;Clean negative sample.
DOC-0181;it_access_request_clean_0181.pdf;IT Access Request;OneDrive;Sofia Hartmann;sofia.hartmann@bosch.example;2025-09-28;2027-04-04;5,32;"IT System Access Request Form
Purpose: Used to request IT system access.
Name: ______
Department: ______
System: ______
Access Level: ______
Justification: ______
IT System Access Request Form
Purpose: Used to request IT system access.
IT Review: ______
Comments: ______
Approval: ______
Final Signature: ______
Notes: Training results are aggregated by course and do not contain individual comments from a participant.";no;no;no;no;no;no;no;no;no;no;no;no;no;;0;easy;no;no;validation;Clean negative sample.
DOC-0182;it_access_request_clean_0182.pdf;IT Access Request;OneDrive;Noah Becker;noah.becker@bosch.example;2025-11-04;2027-05-24;3,27;"IT System Access Request (Filled)
Purpose: Example of a completed IT access request for audit trail and governance.
Name: Service Account Request
Department: Digital Operations
Manager: Functional Manager
System: Document Management Portal
Access Level: Editor
Justification: Required to maintain project documentation and manage controlled templates.
IT System Access Request (Filled) - Review
Purpose: Example of a completed IT access request for audit trail and governance.
Reviewer: IT Service Desk
Comments: Access aligns with role; MFA verified.
Approval: Approved
Approver: IT Governance Lead
Signature: J. Keller
Date: 04 Nov 2025
Notes: Role-based labels only, such as Team Lead, Facility Coordinator, Procurement Ops, or IT Service Desk.";no;no;no;no;no;no;no;no;no;no;no;no;no;;0;easy;no;no;validation;Clean negative sample.
DOC-0183;it_access_request_clean_0183.pdf;IT Access Request;OneDrive;Elena Hoffmann;elena.hoffmann@bosch.example;2025-12-11;2027-07-13;2,09;"IT System Access Request Form
Purpose: Used to request IT system access.
Name: ______
Department: ______
System: ______
Access Level: ______
Justification: ______
IT System Access Request Form
Purpose: Used to request IT system access.
IT Review: ______
Comments: ______
Approval: ______
Final Signature: ______
Notes: Role-based labels only, such as Team Lead, Facility Coordinator, Procurement Ops, or IT Service Desk.";no;no;no;no;no;no;no;no;no;no;no;no;no;;0;easy;no;no;validation;Clean negative sample.
DOC-0184;it_access_request_clean_0184.pdf;IT Access Request;OneDrive;Lukas Weber;lukas.weber@bosch.example;2026-01-17;2027-09-01;0,63;"IT System Access Request (Filled)
Purpose: Example of a completed IT access request for audit trail and governance.
Name: Service Account Request
Department: Compliance & Risk
Manager: Functional Manager
System: GRC Role Catalog
Access Level: Viewer
Justification: Needed for audit preparation and role verification activities.
IT System Access Request (Filled) - Review
Purpose: Example of a completed IT access request for audit trail and governance.
Reviewer: Identity & Access Team
Comments: Least-privilege confirmed; access time-limited.
Approval: Approved
Approver: Compliance Officer
Signature: M. Braun
Date: 17 Jan 2026
Notes: Blank template fields remain underscores only, matching the unfilled PDF examples.";no;no;no;no;no;no;no;no;no;no;no;no;no;;0;easy;no;no;validation;Clean negative sample.
DOC-0185;it_access_request_clean_0185.pdf;IT Access Request;Teams Export;Jonas Fischer;jonas.fischer@bosch.example;2026-02-23;2027-10-21;7,29;"IT System Access Request (Filled)
Purpose: Example of a completed IT access request for audit trail and governance.
Name: Service Account Request
Department: Digital Operations
Manager: Functional Manager
System: Document Management Portal
Access Level: Editor
Justification: Required to maintain project documentation and manage controlled templates.
IT System Access Request (Filled) - Review
Purpose: Example of a completed IT access request for audit trail and governance.
Reviewer: IT Service Desk
Comments: Access aligns with role; MFA verified.
Approval: Approved
Approver: IT Governance Lead
Signature: J. Keller
Date: 23 Feb 2026
Notes: Access Level says Viewer and Signature says ______, matching an empty template field.";no;no;no;no;no;no;no;no;no;no;no;no;no;;0;hard;yes;no;validation;Negative edge case: looks sensitive but should be no personal data.
DOC-0186;it_access_request_clean_0186.pdf;IT Access Request;Shared Drive;Elena Hoffmann;elena.hoffmann@bosch.example;2026-04-01;2027-12-10;1,58;"IT System Access Request Form
Purpose: Used to request IT system access.
Name: ______
Department: ______
System: ______
Access Level: ______
Justification: ______
IT System Access Request Form
Purpose: Used to request IT system access.
IT Review: ______
Comments: ______
Approval: ______
Final Signature: ______
Notes: Supplier company contact is a generic mailbox and business address, not an individual person's details.";no;no;no;no;no;no;no;no;no;no;no;no;no;;0;easy;no;no;test;Clean negative sample.
DOC-0187;it_access_request_clean_0187.pdf;IT Access Request;Teams Export;Noah Becker;noah.becker@bosch.example;2020-01-20;2021-10-12;2,41;"IT System Access Request (Filled)
Purpose: Example of a completed IT access request for audit trail and governance.
Name: Service Account Request
Department: Compliance & Risk
Manager: Functional Manager
System: GRC Role Catalog
Access Level: Viewer
Justification: Needed for audit preparation and role verification activities.
IT System Access Request (Filled) - Review
Purpose: Example of a completed IT access request for audit trail and governance.
Reviewer: Identity & Access Team
Comments: Least-privilege confirmed; access time-limited.
Approval: Approved
Approver: Compliance Officer
Signature: M. Braun
Date: 20 Jan 2020
Notes: Blank template fields remain underscores only, matching the unfilled PDF examples.";no;no;no;no;no;no;no;no;no;no;no;no;no;;0;easy;no;yes;test;Clean negative sample.
DOC-0188;it_access_request_clean_0188.pdf;IT Access Request;SharePoint;Priya Nair;priya.nair@bosch.example;2020-02-26;2021-12-01;8,56;"IT System Access Request Form
Purpose: Used to request IT system access.
Name: ______
Department: ______
System: ______
Access Level: ______
Justification: ______
IT System Access Request Form
Purpose: Used to request IT system access.
IT Review: ______
Comments: ______
Approval: ______
Final Signature: ______
Notes: Blank template fields remain underscores only, matching the unfilled PDF examples.";no;no;no;no;no;no;no;no;no;no;no;no;no;;0;easy;no;yes;test;Clean negative sample.
DOC-0189;it_access_request_clean_0189.pdf;IT Access Request;Shared Drive;Elena Hoffmann;elena.hoffmann@bosch.example;2020-04-03;2022-01-20;0,6;"IT System Access Request Form
Purpose: Used to request IT system access.
Name: ______
Department: ______
System: ______
Access Level: ______
Justification: ______
IT System Access Request Form
Purpose: Used to request IT system access.
IT Review: ______
Comments: ______
Approval: ______
Final Signature: ______
Notes: Department aggregate only; no named participant, employee, manager, reviewer, or contact person is included.";no;no;no;no;no;no;no;no;no;no;no;no;no;;0;easy;no;yes;test;Clean negative sample.
DOC-0190;it_access_request_clean_0190.pdf;IT Access Request;Shared Drive;Jonas Fischer;jonas.fischer@bosch.example;2020-05-10;2022-03-11;2,89;"IT System Access Request (Filled)
Purpose: Example of a completed IT access request for audit trail and governance.
Name: Service Account Request
Department: Digital Operations
Manager: Functional Manager
System: Document Management Portal
Access Level: Editor
Justification: Required to maintain project documentation and manage controlled templates.
IT System Access Request (Filled) - Review
Purpose: Example of a completed IT access request for audit trail and governance.
Reviewer: IT Service Desk
Comments: Access aligns with role; MFA verified.
Approval: Approved
Approver: IT Governance Lead
Signature: J. Keller
Date: 10 May 2020
Notes: Training results are aggregated by course and do not contain individual comments from a participant.";no;no;no;no;no;no;no;no;no;no;no;no;no;;0;easy;no;yes;test;Clean negative sample.
DOC-0191;it_access_request_clean_0191.pdf;IT Access Request;OneDrive;Elena Hoffmann;elena.hoffmann@bosch.example;2020-06-16;2022-04-30;0,88;"IT System Access Request (Filled)
Purpose: Example of a completed IT access request for audit trail and governance.
Name: Service Account Request
Department: Compliance & Risk
Manager: Functional Manager
System: GRC Role Catalog
Access Level: Viewer
Justification: Needed for audit preparation and role verification activities.
IT System Access Request (Filled) - Review
Purpose: Example of a completed IT access request for audit trail and governance.
Reviewer: Identity & Access Team
Comments: Least-privilege confirmed; access time-limited.
Approval: Approved
Approver: Compliance Officer
Signature: M. Braun
Date: 16 Jun 2020
Notes: Blank template fields remain underscores only, matching the unfilled PDF examples.";no;no;no;no;no;no;no;no;no;no;no;no;no;;0;easy;no;yes;test;Clean negative sample.
DOC-0192;it_access_request_clean_0192.pdf;IT Access Request;SharePoint;Noah Becker;noah.becker@bosch.example;2020-07-23;2022-06-19;2,42;"IT System Access Request Form
Purpose: Used to request IT system access.
Name: ______
Department: ______
System: ______
Access Level: ______
Justification: ______
IT System Access Request Form
Purpose: Used to request IT system access.
IT Review: ______
Comments: ______
Approval: ______
Final Signature: ______
Notes: Blank template fields remain underscores only, matching the unfilled PDF examples.";no;no;no;no;no;no;no;no;no;no;no;no;no;;0;easy;no;yes;test;Clean negative sample.
DOC-0193;it_access_request_clean_0193.pdf;IT Access Request;OneDrive;Elena Hoffmann;elena.hoffmann@bosch.example;2020-08-29;2022-08-08;7,66;"IT System Access Request (Filled)
Purpose: Example of a completed IT access request for audit trail and governance.
Name: Service Account Request
Department: Compliance & Risk
Manager: Functional Manager
System: GRC Role Catalog
Access Level: Viewer
Justification: Needed for audit preparation and role verification activities.
IT System Access Request (Filled) - Review
Purpose: Example of a completed IT access request for audit trail and governance.
Reviewer: Identity & Access Team
Comments: Least-privilege confirmed; access time-limited.
Approval: Approved
Approver: Compliance Officer
Signature: M. Braun
Date: 29 Aug 2020
Notes: Blank template fields remain underscores only, matching the unfilled PDF examples.";no;no;no;no;no;no;no;no;no;no;no;no;no;;0;easy;no;yes;test;Clean negative sample.
DOC-0194;it_access_request_clean_0194.pdf;IT Access Request;Shared Drive;Priya Nair;priya.nair@bosch.example;2020-10-05;2022-09-27;1,83;"IT System Access Request Form
Purpose: Used to request IT system access.
Name: ______
Department: ______
System: ______
Access Level: ______
Justification: ______
IT System Access Request Form
Purpose: Used to request IT system access.
IT Review: ______
Comments: ______
Approval: ______
Final Signature: ______
Notes: Role-based labels only, such as Team Lead, Facility Coordinator, Procurement Ops, or IT Service Desk.";no;no;no;no;no;no;no;no;no;no;no;no;no;;0;easy;no;yes;test;Clean negative sample.
DOC-0195;it_access_request_clean_0195.pdf;IT Access Request;SharePoint;Noah Becker;noah.becker@bosch.example;2020-11-11;2022-11-16;4,12;"IT System Access Request (Filled)
Purpose: Example of a completed IT access request for audit trail and governance.
Name: Service Account Request
Department: Digital Operations
Manager: Functional Manager
System: Document Management Portal
Access Level: Editor
Justification: Required to maintain project documentation and manage controlled templates.
IT System Access Request (Filled) - Review
Purpose: Example of a completed IT access request for audit trail and governance.
Reviewer: IT Service Desk
Comments: Access aligns with role; MFA verified.
Approval: Approved
Approver: IT Governance Lead
Signature: J. Keller
Date: 11 Nov 2020
Notes: Supplier company contact is a generic mailbox and business address, not an individual person's details.";no;no;no;no;no;no;no;no;no;no;no;no;no;;0;easy;no;yes;test;Clean negative sample.
DOC-0196;it_access_request_clean_0196.pdf;IT Access Request;OneDrive;Max Wagner;max.wagner@bosch.example;2020-12-18;2023-01-05;3,48;"IT System Access Request (Filled)
Purpose: Example of a completed IT access request for audit trail and governance.
Name: Service Account Request
Department: Digital Operations
Manager: Functional Manager
System: Document Management Portal
Access Level: Editor
Justification: Required to maintain project documentation and manage controlled templates.
IT System Access Request (Filled) - Review
Purpose: Example of a completed IT access request for audit trail and governance.
Reviewer: IT Service Desk
Comments: Access aligns with role; MFA verified.
Approval: Approved
Approver: IT Governance Lead
Signature: J. Keller
Date: 18 Dec 2020
Notes: Training results are aggregated by course and do not contain individual comments from a participant.";no;no;no;no;no;no;no;no;no;no;no;no;no;;0;easy;no;yes;test;Clean negative sample.
DOC-0197;it_access_request_clean_0197.pdf;IT Access Request;Shared Drive;Lukas Weber;lukas.weber@bosch.example;2021-01-24;2023-02-24;2,92;"IT System Access Request (Filled)
Purpose: Example of a completed IT access request for audit trail and governance.
Name: Service Account Request
Department: Compliance & Risk
Manager: Functional Manager
System: GRC Role Catalog
Access Level: Viewer
Justification: Needed for audit preparation and role verification activities.
IT System Access Request (Filled) - Review
Purpose: Example of a completed IT access request for audit trail and governance.
Reviewer: Identity & Access Team
Comments: Least-privilege confirmed; access time-limited.
Approval: Approved
Approver: Compliance Officer
Signature: M. Braun
Date: 24 Jan 2021
Notes: Supplier company contact is a generic mailbox and business address, not an individual person's details.";no;no;no;no;no;no;no;no;no;no;no;no;no;;0;easy;no;yes;test;Clean negative sample.
DOC-0198;it_access_request_clean_0198.pdf;IT Access Request;OneDrive;Max Wagner;max.wagner@bosch.example;2021-03-02;2023-04-15;2,54;"IT System Access Request Form
Purpose: Used to request IT system access.
Name: ______
Department: ______
System: ______
Access Level: ______
Justification: ______
IT System Access Request Form
Purpose: Used to request IT system access.
IT Review: ______
Comments: ______
Approval: ______
Final Signature: ______
Notes: Department aggregate only; no named participant, employee, manager, reviewer, or contact person is included.";no;no;no;no;no;no;no;no;no;no;no;no;no;;0;easy;no;yes;test;Clean negative sample.
DOC-0199;it_access_request_clean_0199.pdf;IT Access Request;HR Archive;Elena Hoffmann;elena.hoffmann@bosch.example;2021-04-08;2023-06-04;4,65;"IT System Access Request (Filled)
Purpose: Example of a completed IT access request for audit trail and governance.
Name: Service Account Request
Department: Compliance & Risk
Manager: Functional Manager
System: GRC Role Catalog
Access Level: Viewer
Justification: Needed for audit preparation and role verification activities.
IT System Access Request (Filled) - Review
Purpose: Example of a completed IT access request for audit trail and governance.
Reviewer: Identity & Access Team
Comments: Least-privilege confirmed; access time-limited.
Approval: Approved
Approver: Compliance Officer
Signature: M. Braun
Date: 08 Apr 2021
Notes: Department aggregate only; no named participant, employee, manager, reviewer, or contact person is included.";no;no;no;no;no;no;no;no;no;no;no;no;no;;0;easy;no;no;test;Clean negative sample.
DOC-0200;it_access_request_clean_0200.pdf;IT Access Request;HR Archive;Lukas Weber;lukas.weber@bosch.example;2021-05-15;2023-07-24;7,66;"IT System Access Request Form
Purpose: Used to request IT system access.
Name: ______
Department: ______
System: ______
Access Level: ______
Justification: ______
IT System Access Request Form
Purpose: Used to request IT system access.
IT Review: ______
Comments: ______
Approval: ______
Final Signature: ______
Notes: Role-based labels only, such as Team Lead, Facility Coordinator, Procurement Ops, or IT Service Desk.";no;no;no;no;no;no;no;no;no;no;no;no;no;;0;easy;no;no;test;Clean negative sample.
DOC-0201;incident_report_finding_0201.pdf;Incident Report;Teams Export;Sofia Hartmann;sofia.hartmann@bosch.example;2021-06-21;2023-09-12;5,44;"Incident Report (Filled)
Purpose: Example of a documented incident for compliance review.
Date: 21 Jun 2021
Location: Office Floor 3
Type: Data Handling
Description: A document containing personal data was mistakenly shared to an incorrect internal distribution list.
Additional Person Reference: Maria Schmidt
ID Card Number: L01X-8842197
Incident Report (Filled) - Review
Purpose: Example of a documented incident for compliance review.
Root Cause: Incorrect selection of recipient group during email composition; no secondary review step.
Corrective Action: Introduce a mandatory recipient review checklist
Owner: Maria Schmidt
Deadline: 30 May 2026";yes;yes;no;no;no;no;no;no;yes;no;no;no;no;"id_card_number; first_name; last_name";3;medium;yes;no;train;Useful for testing ambiguous/OCR/context-heavy personal-data detection.
DOC-0202;incident_report_finding_0202.pdf;Incident Report;OneDrive;Lukas Weber;lukas.weber@bosch.example;2021-07-28;2023-11-01;2,36;"Incident Report (Filled)
Purpose: Example of a documented incident for compliance review.
Date: 28 Jul 2021
Location: Office Floor 3
Type: Data Handling
Description: A document containing personal data was mistakenly shared to an incorrect internal distribution list.
Additional Person Reference: Elena Fischer
Driver's License Number: F-4409-1182-21
Incident Report (Filled) - Review
Purpose: Example of a documented incident for compliance review.
Root Cause: Incorrect selection of recipient group during email composition; no secondary review step.
Corrective Action: Introduce a mandatory recipient review checklist
Owner: Elena Fischer
Deadline: 30 May 2026";yes;yes;no;no;no;no;no;no;yes;no;no;no;no;"drivers_license_number; first_name; last_name";3;easy;no;no;train;Straightforward labeled personal-data example.
DOC-0203;incident_report_finding_0203.pdf;Incident Report;Shared Drive;Maria Schmidt;maria.schmidt@bosch.example;2021-09-03;2023-12-21;3,06;"Incident Report (Filled)
Purpose: Example of a documented incident for compliance review.
Date: 03 Sept 2021
Location: Meeting Room A
Type: Safety
Description: Minor slip incident near entrance due to wet floor; no injury reported.
Additional Person Reference: Jonas Keller
Travel History: Bangalore on 2022-09-03, Pune on 2022-09-07, and Chennai on 2022-09-09
Incident Report (Filled) - Review
Purpose: Example of a documented incident for compliance review.
Root Cause: Cleaning sign placed after area was already wet; timing issue.
Corrective Action: Update cleaning SOP to place signage before wet cleaning
Owner: Jonas Keller
Deadline: 20 May 2026";yes;yes;no;no;yes;no;no;no;no;yes;no;no;no;"travel_history; first_name; last_name";3;medium;yes;no;train;Useful for testing ambiguous/OCR/context-heavy personal-data detection.
DOC-0204;incident_report_finding_0204.pdf;Incident Report;SharePoint;Maria Schmidt;maria.schmidt@bosch.example;2021-10-10;2024-02-09;4,16;"Incident Report (Filled)
Purpose: Example of a documented incident for compliance review.
Date: 10 Oct 2021
Location: Meeting Room A
Type: Safety
Description: Minor slip incident near entrance due to wet floor; no injury reported.
Phone: +49 172 3310 5519
Billing / Shipping Address: Am Markt 5, 01067 Dresden, Germany
IBAN: DE02 1000 0000 0123 4567 89
Corporate Credit Card: 3782 822463 10005
Incident Report (Filled) - Review
Purpose: Example of a documented incident for compliance review.
Root Cause: Cleaning sign placed after area was already wet; timing issue.
Corrective Action: Update cleaning SOP to place signage before wet cleaning
Owner: Facility Coordinator
Deadline: 20 May 2026";yes;no;no;yes;yes;yes;yes;no;no;no;no;no;no;"billing_shipping_address; phone_number; bank_account; credit_card";4;easy;no;no;train;Straightforward labeled personal-data example.
DOC-0205;incident_report_finding_0205.pdf;Incident Report;SharePoint;Noah Becker;noah.becker@bosch.example;2021-11-16;2024-03-30;1;"Incident Report (Filled)
Purpose: Example of a documented incident for compliance review.
Date: 16 Nov 2021
Location: Meeting Room A
Type: Safety
Description: Minor slip incident near entrance due to wet floor; no injury reported.
Email: maria.schmidt@bosch.example
Fax: +49 711 811 2041
Incident Report (Filled) - Review
Purpose: Example of a documented incident for compliance review.
Root Cause: Cleaning sign placed after area was already wet; timing issue.
Corrective Action: Update cleaning SOP to place signage before wet cleaning
Owner: Facility Coordinator
Deadline: 20 May 2026";yes;no;yes;yes;no;no;no;no;no;no;no;no;no;"fax_number; email_address";2;easy;no;no;train;Straightforward labeled personal-data example.
DOC-0206;incident_report_finding_0206.pdf;Incident Report;SharePoint;Elena Hoffmann;elena.hoffmann@bosch.example;2021-12-23;2024-05-19;7,06;"Incident Report (Filled)
Purpose: Example of a documented incident for compliance review.
Date: 23 Dec 2021
Location: Office Floor 3
Type: Data Handling
Description: A document containing personal data was mistakenly shared to an incorrect internal distribution list.
Additional Person Reference: Elena Fischer
Email: elena dot fischer at bosch dot example
Signature: E. Fischer
Incident Report (Filled) - Review
Purpose: Example of a documented incident for compliance review.
Root Cause: Incorrect selection of recipient group during email composition; no secondary review step.
Corrective Action: Introduce a mandatory recipient review checklist
Owner: Elena Fischer
Deadline: 30 May 2026";yes;yes;yes;no;no;no;no;no;no;no;no;no;no;"signature; first_name; last_name; email_address";4;medium;yes;no;train;Useful for testing ambiguous/OCR/context-heavy personal-data detection.
DOC-0207;incident_report_finding_0207.pdf;Incident Report;SharePoint;Noah Becker;noah.becker@bosch.example;2022-01-29;2024-07-08;3,98;"Incident Report (Filled)
Purpose: Example of a documented incident for compliance review.
Date: 29 Jan 2022
Location: Office Floor 3
Type: Data Handling
Description: A document containing personal data was mistakenly shared to an incorrect internal distribution list.
Additional Person Reference: Jonas Keller
Attachment: security_camera_still_keller.jpg shows Jonas Keller next to loading bay B.
Incident Report (Filled) - Review
Purpose: Example of a documented incident for compliance review.
Root Cause: Incorrect selection of recipient group during email composition; no secondary review step.
Corrective Action: Introduce a mandatory recipient review checklist
Owner: Jonas Keller
Deadline: 30 May 2026";yes;yes;no;no;no;no;no;no;no;no;no;no;no;"photo_video_person; first_name; last_name";3;hard;yes;no;train;Useful for testing ambiguous/OCR/context-heavy personal-data detection.
DOC-0208;incident_report_finding_0208.pdf;Incident Report;SharePoint;Tom Nguyen;tom.nguyen@bosch.example;2022-03-07;2022-03-11;5,41;"Incident Report (Filled)
Purpose: Example of a documented incident for compliance review.
Date: 07 Mar 2022
Location: Meeting Room A
Type: Safety
Description: Minor slip incident near entrance due to wet floor; no injury reported.
Additional Person Reference: Nina Beck
Date of Birth: 1994-02-19
Medical ID: MED-DE-510483
Health / Accommodation Note: asked for ergonomic seating due to recurring back pain
Incident Report (Filled) - Review
Purpose: Example of a documented incident for compliance review.
Root Cause: Cleaning sign placed after area was already wet; timing issue.
Corrective Action: Update cleaning SOP to place signage before wet cleaning
Owner: Nina Beck
Deadline: 20 May 2026";yes;yes;no;no;no;no;no;no;no;yes;no;no;yes;"health_data; medical_id; birth_date; first_name; last_name";5;medium;yes;yes;train;Useful for testing ambiguous/OCR/context-heavy personal-data detection.
DOC-0209;incident_report_finding_0209.pdf;Incident Report;OneDrive;Priya Nair;priya.nair@bosch.example;2022-04-13;2022-04-30;3,88;"Incident Report (Filled)
Purpose: Example of a documented incident for compliance review.
Date: 13 Apr 2022
Location: Meeting Room A
Type: Safety
Description: Minor slip incident near entrance due to wet floor; no injury reported.
Travel History: Stuttgart on 2022-03-11, Lyon on 2022-04-18, and Milan on 2022-05-09
Medical ID: MED-DE-440912
Health / Accommodation Note: reported migraine symptoms and requested a quiet room accommodation
Incident Report (Filled) - Review
Purpose: Example of a documented incident for compliance review.
Root Cause: Cleaning sign placed after area was already wet; timing issue.
Corrective Action: Update cleaning SOP to place signage before wet cleaning
Owner: Facility Coordinator
Deadline: 20 May 2026";yes;no;no;no;yes;no;no;no;no;yes;no;no;yes;"health_data; medical_id; travel_history";3;hard;yes;yes;train;Useful for testing ambiguous/OCR/context-heavy personal-data detection.
DOC-0210;incident_report_finding_0210.pdf;Incident Report;HR Archive;Anna Keller;anna.keller@bosch.example;2022-05-20;2022-06-19;5,3;"Incident Report (Filled)
Purpose: Example of a documented incident for compliance review.
Date: 20 May 2022
Location: Meeting Room A
Type: Safety
Description: Minor slip incident near entrance due to wet floor; no injury reported.
Email: elena dot fischer at bosch dot example
Incident Report (Filled) - Review
Purpose: Example of a documented incident for compliance review.
Root Cause: Cleaning sign placed after area was already wet; timing issue.
Corrective Action: Update cleaning SOP to place signage before wet cleaning
Owner: Facility Coordinator
Deadline: 20 May 2026";yes;no;yes;no;no;no;no;no;no;no;no;no;no;email_address;1;medium;yes;yes;train;Useful for testing ambiguous/OCR/context-heavy personal-data detection.
DOC-0211;incident_report_finding_0211.pdf;Incident Report;OneDrive;Maria Schmidt;maria.schmidt@bosch.example;2022-06-26;2022-08-08;0,87;"Incident Report (Filled)
Purpose: Example of a documented incident for compliance review.
Date: 26 Jun 2022
Location: Meeting Room A
Type: Safety
Description: Minor slip incident near entrance due to wet floor; no injury reported.
Phone: zero one seven six, four four two, nine eight nine eight
Incident Report (Filled) - Review
Purpose: Example of a documented incident for compliance review.
Root Cause: Cleaning sign placed after area was already wet; timing issue.
Corrective Action: Update cleaning SOP to place signage before wet cleaning
Owner: Facility Coordinator
Deadline: 20 May 2026";yes;no;no;yes;no;no;no;no;no;no;no;no;no;phone_number;1;medium;yes;yes;train;Useful for testing ambiguous/OCR/context-heavy personal-data detection.
DOC-0212;incident_report_finding_0212.pdf;Incident Report;SharePoint;Lukas Weber;lukas.weber@bosch.example;2022-08-02;2022-09-27;0,32;"Incident Report (Filled)
Purpose: Example of a documented incident for compliance review.
Date: 02 Aug 2022
Location: Office Floor 3
Type: Data Handling
Description: A document containing personal data was mistakenly shared to an incorrect internal distribution list.
Home Address: Parkring 3, 90402 Nuremberg, Germany
Incident Report (Filled) - Review
Purpose: Example of a documented incident for compliance review.
Root Cause: Incorrect selection of recipient group during email composition; no secondary review step.
Corrective Action: Introduce a mandatory recipient review checklist
Owner: Team Lead
Deadline: 30 May 2026";yes;no;no;no;yes;no;no;no;no;no;no;no;no;home_address;1;medium;yes;yes;train;Useful for testing ambiguous/OCR/context-heavy personal-data detection.
DOC-0213;incident_report_clean_0213.pdf;Incident Report;Teams Export;Maria Schmidt;maria.schmidt@bosch.example;2022-09-08;2022-11-16;8,44;"Incident Report
Purpose: Record incident.
Date: ______
Location: ______
Description: ______
Incident Report
Purpose: Record incident.
Cause: ______
Action: ______
Owner: ______
Notes: Supplier company contact is a generic mailbox and business address, not an individual person's details.";no;no;no;no;no;no;no;no;no;no;no;no;no;;0;easy;no;yes;train;Clean negative sample.
DOC-0214;incident_report_clean_0214.pdf;Incident Report;SharePoint;Lukas Weber;lukas.weber@bosch.example;2022-10-15;2023-01-05;2,33;"Incident Report (Filled)
Purpose: Example of a documented incident for compliance review.
Date: 15 Oct 2022
Location: Office Floor 3
Type: Data Handling
Description: Process deviation recorded without naming any affected person.
Incident Report (Filled) - Review
Purpose: Example of a documented incident for compliance review.
Root Cause: Incorrect selection of recipient group during email composition; no secondary review step.
Corrective Action: Introduce a mandatory recipient review checklist
Owner: Team Lead
Deadline: 30 May 2026
Notes: Training results are aggregated by course and do not contain individual comments from a participant.";no;no;no;no;no;no;no;no;no;no;no;no;no;;0;easy;no;yes;train;Clean negative sample.
DOC-0215;incident_report_clean_0215.pdf;Incident Report;OneDrive;Tom Nguyen;tom.nguyen@bosch.example;2022-11-21;2023-02-24;3,13;"Incident Report
Purpose: Record incident.
Date: ______
Location: ______
Description: ______
Incident Report
Purpose: Record incident.
Cause: ______
Action: ______
Owner: ______
Notes: Role-based labels only, such as Team Lead, Facility Coordinator, Procurement Ops, or IT Service Desk.";no;no;no;no;no;no;no;no;no;no;no;no;no;;0;easy;no;yes;train;Clean negative sample.
DOC-0216;incident_report_clean_0216.pdf;Incident Report;SharePoint;Maria Schmidt;maria.schmidt@bosch.example;2022-12-28;2023-04-15;4,52;"Incident Report (Filled)
Purpose: Example of a documented incident for compliance review.
Date: 28 Dec 2022
Location: Meeting Room A
Type: Safety
Description: Process deviation recorded without naming any affected person.
Incident Report (Filled) - Review
Purpose: Example of a documented incident for compliance review.
Root Cause: Cleaning sign placed after area was already wet; timing issue.
Corrective Action: Update cleaning SOP to place signage before wet cleaning
Owner: Facility Coordinator
Deadline: 20 May 2026
Notes: Blank template fields remain underscores only, matching the unfilled PDF examples.";no;no;no;no;no;no;no;no;no;no;no;no;no;;0;easy;no;yes;train;Clean negative sample.
DOC-0217;incident_report_clean_0217.pdf;Incident Report;SharePoint;Max Wagner;max.wagner@bosch.example;2023-02-03;2023-06-04;7,09;"Incident Report (Filled)
Purpose: Example of a documented incident for compliance review.
Date: 03 Feb 2023
Location: Meeting Room A
Type: Safety
Description: Process deviation recorded without naming any affected person.
Incident Report (Filled) - Review
Purpose: Example of a documented incident for compliance review.
Root Cause: Cleaning sign placed after area was already wet; timing issue.
Corrective Action: Update cleaning SOP to place signage before wet cleaning
Owner: Facility Coordinator
Deadline: 20 May 2026
Notes: Access Level says Viewer and Signature says ______, matching an empty template field.";no;no;no;no;no;no;no;no;no;no;no;no;no;;0;hard;yes;no;train;Negative edge case: looks sensitive but should be no personal data.
DOC-0218;incident_report_clean_0218.pdf;Incident Report;Shared Drive;Max Wagner;max.wagner@bosch.example;2023-03-12;2023-07-24;6,07;"Incident Report (Filled)
Purpose: Example of a documented incident for compliance review.
Date: 12 Mar 2023
Location: Office Floor 3
Type: Data Handling
Description: Process deviation recorded without naming any affected person.
Incident Report (Filled) - Review
Purpose: Example of a documented incident for compliance review.
Root Cause: Incorrect selection of recipient group during email composition; no secondary review step.
Corrective Action: Introduce a mandatory recipient review checklist
Owner: Team Lead
Deadline: 30 May 2026
Notes: Department aggregate only; no named participant, employee, manager, reviewer, or contact person is included.";no;no;no;no;no;no;no;no;no;no;no;no;no;;0;easy;no;no;train;Clean negative sample.
DOC-0219;incident_report_clean_0219.pdf;Incident Report;SharePoint;Jonas Fischer;jonas.fischer@bosch.example;2023-04-18;2023-09-12;3,27;"Incident Report
Purpose: Record incident.
Date: ______
Location: ______
Description: ______
Incident Report
Purpose: Record incident.
Cause: ______
Action: ______
Owner: ______
Notes: Department aggregate only; no named participant, employee, manager, reviewer, or contact person is included.";no;no;no;no;no;no;no;no;no;no;no;no;no;;0;easy;no;no;train;Clean negative sample.
DOC-0220;incident_report_clean_0220.pdf;Incident Report;Shared Drive;Max Wagner;max.wagner@bosch.example;2023-05-25;2023-11-01;0,88;"Incident Report
Purpose: Record incident.
Date: ______
Location: ______
Description: ______
Incident Report
Purpose: Record incident.
Cause: ______
Action: ______
Owner: ______
Notes: Role-based labels only, such as Team Lead, Facility Coordinator, Procurement Ops, or IT Service Desk.";no;no;no;no;no;no;no;no;no;no;no;no;no;;0;easy;no;no;train;Clean negative sample.
DOC-0221;incident_report_clean_0221.pdf;Incident Report;SharePoint;Lukas Weber;lukas.weber@bosch.example;2023-07-01;2023-12-21;0,2;"Incident Report (Filled)
Purpose: Example of a documented incident for compliance review.
Date: 01 Jul 2023
Location: Office Floor 3
Type: Data Handling
Description: Process deviation recorded without naming any affected person.
Incident Report (Filled) - Review
Purpose: Example of a documented incident for compliance review.
Root Cause: Incorrect selection of recipient group during email composition; no secondary review step.
Corrective Action: Introduce a mandatory recipient review checklist
Owner: Team Lead
Deadline: 30 May 2026
Notes: Blank template fields remain underscores only, matching the unfilled PDF examples.";no;no;no;no;no;no;no;no;no;no;no;no;no;;0;easy;no;no;train;Clean negative sample.
DOC-0222;incident_report_clean_0222.pdf;Incident Report;OneDrive;Maria Schmidt;maria.schmidt@bosch.example;2023-08-07;2024-02-09;0,73;"Incident Report (Filled)
Purpose: Example of a documented incident for compliance review.
Date: 07 Aug 2023
Location: Meeting Room A
Type: Safety
Description: Process deviation recorded without naming any affected person.
Incident Report (Filled) - Review
Purpose: Example of a documented incident for compliance review.
Root Cause: Cleaning sign placed after area was already wet; timing issue.
Corrective Action: Update cleaning SOP to place signage before wet cleaning
Owner: Facility Coordinator
Deadline: 20 May 2026
Notes: Department aggregate only; no named participant, employee, manager, reviewer, or contact person is included.";no;no;no;no;no;no;no;no;no;no;no;no;no;;0;easy;no;no;train;Clean negative sample.
DOC-0223;incident_report_clean_0223.pdf;Incident Report;HR Archive;Maria Schmidt;maria.schmidt@bosch.example;2023-09-13;2024-03-30;3,37;"Incident Report
Purpose: Record incident.
Date: ______
Location: ______
Description: ______
Incident Report
Purpose: Record incident.
Cause: ______
Action: ______
Owner: ______
Notes: Blank template fields remain underscores only, matching the unfilled PDF examples.";no;no;no;no;no;no;no;no;no;no;no;no;no;;0;easy;no;no;train;Clean negative sample.
DOC-0224;incident_report_clean_0224.pdf;Incident Report;SharePoint;Maria Schmidt;maria.schmidt@bosch.example;2023-10-20;2024-05-19;0,39;"Incident Report (Filled)
Purpose: Example of a documented incident for compliance review.
Date: 20 Oct 2023
Location: Meeting Room A
Type: Safety
Description: Process deviation recorded without naming any affected person.
Incident Report (Filled) - Review
Purpose: Example of a documented incident for compliance review.
Root Cause: Cleaning sign placed after area was already wet; timing issue.
Corrective Action: Update cleaning SOP to place signage before wet cleaning
Owner: Facility Coordinator
Deadline: 20 May 2026
Notes: Training results are aggregated by course and do not contain individual comments from a participant.";no;no;no;no;no;no;no;no;no;no;no;no;no;;0;easy;no;no;train;Clean negative sample.
DOC-0225;incident_report_clean_0225.pdf;Incident Report;SharePoint;Maria Schmidt;maria.schmidt@bosch.example;2023-11-26;2024-07-08;3,95;"Incident Report (Filled)
Purpose: Example of a documented incident for compliance review.
Date: 26 Nov 2023
Location: Meeting Room A
Type: Safety
Description: Process deviation recorded without naming any affected person.
Incident Report (Filled) - Review
Purpose: Example of a documented incident for compliance review.
Root Cause: Cleaning sign placed after area was already wet; timing issue.
Corrective Action: Update cleaning SOP to place signage before wet cleaning
Owner: Facility Coordinator
Deadline: 20 May 2026
Notes: Blank template fields remain underscores only, matching the unfilled PDF examples.";no;no;no;no;no;no;no;no;no;no;no;no;no;;0;easy;no;no;train;Clean negative sample.
DOC-0226;incident_report_clean_0226.pdf;Incident Report;SharePoint;Anna Keller;anna.keller@bosch.example;2024-01-02;2024-08-27;0,9;"Incident Report (Filled)
Purpose: Example of a documented incident for compliance review.
Date: 02 Jan 2024
Location: Meeting Room A
Type: Safety
Description: Process deviation recorded without naming any affected person.
Incident Report (Filled) - Review
Purpose: Example of a documented incident for compliance review.
Root Cause: Cleaning sign placed after area was already wet; timing issue.
Corrective Action: Update cleaning SOP to place signage before wet cleaning
Owner: Facility Coordinator
Deadline: 20 May 2026
Notes: Blank template fields remain underscores only, matching the unfilled PDF examples.";no;no;no;no;no;no;no;no;no;no;no;no;no;;0;easy;no;no;train;Clean negative sample.
DOC-0227;incident_report_clean_0227.pdf;Incident Report;SharePoint;Jonas Fischer;jonas.fischer@bosch.example;2024-02-08;2024-10-16;1,72;"Incident Report
Purpose: Record incident.
Date: ______
Location: ______
Description: ______
Incident Report
Purpose: Record incident.
Cause: ______
Action: ______
Owner: ______
Notes: Training results are aggregated by course and do not contain individual comments from a participant.";no;no;no;no;no;no;no;no;no;no;no;no;no;;0;easy;no;no;train;Clean negative sample.
DOC-0228;incident_report_clean_0228.pdf;Incident Report;HR Archive;Noah Becker;noah.becker@bosch.example;2024-03-16;2024-12-05;7,07;"Incident Report (Filled)
Purpose: Example of a documented incident for compliance review.
Date: 16 Mar 2024
Location: Meeting Room A
Type: Safety
Description: Process deviation recorded without naming any affected person.
Incident Report (Filled) - Review
Purpose: Example of a documented incident for compliance review.
Root Cause: Cleaning sign placed after area was already wet; timing issue.
Corrective Action: Update cleaning SOP to place signage before wet cleaning
Owner: Facility Coordinator
Deadline: 20 May 2026
Notes: Supplier company contact is a generic mailbox and business address, not an individual person's details.";no;no;no;no;no;no;no;no;no;no;no;no;no;;0;easy;no;no;train;Clean negative sample.
DOC-0229;incident_report_clean_0229.pdf;Incident Report;Teams Export;Elena Hoffmann;elena.hoffmann@bosch.example;2024-04-22;2025-01-24;6,53;"Incident Report (Filled)
Purpose: Example of a documented incident for compliance review.
Date: 22 Apr 2024
Location: Office Floor 3
Type: Data Handling
Description: Process deviation recorded without naming any affected person.
Incident Report (Filled) - Review
Purpose: Example of a documented incident for compliance review.
Root Cause: Incorrect selection of recipient group during email composition; no secondary review step.
Corrective Action: Introduce a mandatory recipient review checklist
Owner: Team Lead
Deadline: 30 May 2026
Notes: Training results are aggregated by course and do not contain individual comments from a participant.";no;no;no;no;no;no;no;no;no;no;no;no;no;;0;easy;no;no;train;Clean negative sample.
DOC-0230;incident_report_clean_0230.pdf;Incident Report;SharePoint;Tom Nguyen;tom.nguyen@bosch.example;2024-05-29;2025-03-15;2,28;"Incident Report
Purpose: Record incident.
Date: ______
Location: ______
Description: ______
Incident Report
Purpose: Record incident.
Cause: ______
Action: ______
Owner: ______
Notes: Supplier company contact is a generic mailbox and business address, not an individual person's details.";no;no;no;no;no;no;no;no;no;no;no;no;no;;0;easy;no;no;train;Clean negative sample.
DOC-0231;incident_report_clean_0231.pdf;Incident Report;Teams Export;Anna Keller;anna.keller@bosch.example;2024-07-05;2025-05-04;6,91;"Incident Report (Filled)
Purpose: Example of a documented incident for compliance review.
Date: 05 Jul 2024
Location: Meeting Room A
Type: Safety
Description: Process deviation recorded without naming any affected person.
Incident Report (Filled) - Review
Purpose: Example of a documented incident for compliance review.
Root Cause: Cleaning sign placed after area was already wet; timing issue.
Corrective Action: Update cleaning SOP to place signage before wet cleaning
Owner: Facility Coordinator
Deadline: 20 May 2026
Notes: Training results are aggregated by course and do not contain individual comments from a participant.";no;no;no;no;no;no;no;no;no;no;no;no;no;;0;easy;no;no;train;Clean negative sample.
DOC-0232;incident_report_clean_0232.pdf;Incident Report;SharePoint;Elena Hoffmann;elena.hoffmann@bosch.example;2024-08-11;2025-06-23;6,1;"Incident Report (Filled)
Purpose: Example of a documented incident for compliance review.
Date: 11 Aug 2024
Location: Office Floor 3
Type: Data Handling
Description: Process deviation recorded without naming any affected person.
Incident Report (Filled) - Review
Purpose: Example of a documented incident for compliance review.
Root Cause: Incorrect selection of recipient group during email composition; no secondary review step.
Corrective Action: Introduce a mandatory recipient review checklist
Owner: Team Lead
Deadline: 30 May 2026
Notes: Department aggregate only; no named participant, employee, manager, reviewer, or contact person is included.";no;no;no;no;no;no;no;no;no;no;no;no;no;;0;easy;no;no;train;Clean negative sample.
DOC-0233;incident_report_clean_0233.pdf;Incident Report;SharePoint;Tom Nguyen;tom.nguyen@bosch.example;2024-09-17;2025-08-12;1,48;"Incident Report (Filled)
Purpose: Example of a documented incident for compliance review.
Date: 17 Sept 2024
Location: Office Floor 3
Type: Data Handling
Description: Process deviation recorded without naming any affected person.
Incident Report (Filled) - Review
Purpose: Example of a documented incident for compliance review.
Root Cause: Incorrect selection of recipient group during email composition; no secondary review step.
Corrective Action: Introduce a mandatory recipient review checklist
Owner: Team Lead
Deadline: 30 May 2026
Notes: Training results are aggregated by course and do not contain individual comments from a participant.";no;no;no;no;no;no;no;no;no;no;no;no;no;;0;easy;no;no;train;Clean negative sample.
DOC-0234;incident_report_clean_0234.pdf;Incident Report;OneDrive;Tom Nguyen;tom.nguyen@bosch.example;2024-10-24;2025-10-01;2,85;"Incident Report
Purpose: Record incident.
Date: ______
Location: ______
Description: ______
Incident Report
Purpose: Record incident.
Cause: ______
Action: ______
Owner: ______
Notes: The field name Name: ______ appears, but no person name is filled in.";no;no;no;no;no;no;no;no;no;no;no;no;no;;0;hard;yes;no;train;Negative edge case: looks sensitive but should be no personal data.
DOC-0235;incident_report_clean_0235.pdf;Incident Report;Teams Export;Tom Nguyen;tom.nguyen@bosch.example;2024-11-30;2025-11-20;8,61;"Incident Report (Filled)
Purpose: Example of a documented incident for compliance review.
Date: 30 Nov 2024
Location: Office Floor 3
Type: Data Handling
Description: Process deviation recorded without naming any affected person.
Incident Report (Filled) - Review
Purpose: Example of a documented incident for compliance review.
Root Cause: Incorrect selection of recipient group during email composition; no secondary review step.
Corrective Action: Introduce a mandatory recipient review checklist
Owner: Team Lead
Deadline: 30 May 2026
Notes: Department aggregate only; no named participant, employee, manager, reviewer, or contact person is included.";no;no;no;no;no;no;no;no;no;no;no;no;no;;0;easy;no;no;train;Clean negative sample.
DOC-0236;incident_report_clean_0236.pdf;Incident Report;OneDrive;Priya Nair;priya.nair@bosch.example;2025-01-06;2026-01-09;2,44;"Incident Report
Purpose: Record incident.
Date: ______
Location: ______
Description: ______
Incident Report
Purpose: Record incident.
Cause: ______
Action: ______
Owner: ______
Notes: Training results are aggregated by course and do not contain individual comments from a participant.";no;no;no;no;no;no;no;no;no;no;no;no;no;;0;easy;no;no;train;Clean negative sample.
DOC-0237;incident_report_clean_0237.pdf;Incident Report;OneDrive;Anna Keller;anna.keller@bosch.example;2025-02-12;2026-02-28;4,92;"Incident Report (Filled)
Purpose: Example of a documented incident for compliance review.
Date: 12 Feb 2025
Location: Meeting Room A
Type: Safety
Description: Process deviation recorded without naming any affected person.
Incident Report (Filled) - Review
Purpose: Example of a documented incident for compliance review.
Root Cause: Cleaning sign placed after area was already wet; timing issue.
Corrective Action: Update cleaning SOP to place signage before wet cleaning
Owner: Facility Coordinator
Deadline: 20 May 2026
Notes: Department aggregate only; no named participant, employee, manager, reviewer, or contact person is included.";no;no;no;no;no;no;no;no;no;no;no;no;no;;0;easy;no;no;train;Clean negative sample.
DOC-0238;incident_report_clean_0238.pdf;Incident Report;OneDrive;Elena Hoffmann;elena.hoffmann@bosch.example;2025-03-21;2026-04-19;6,51;"Incident Report
Purpose: Record incident.
Date: ______
Location: ______
Description: ______
Incident Report
Purpose: Record incident.
Cause: ______
Action: ______
Owner: ______
Notes: Blank template fields remain underscores only, matching the unfilled PDF examples.";no;no;no;no;no;no;no;no;no;no;no;no;no;;0;easy;no;no;train;Clean negative sample.
DOC-0239;incident_report_clean_0239.pdf;Incident Report;Shared Drive;Noah Becker;noah.becker@bosch.example;2025-04-27;2026-06-08;7,44;"Incident Report
Purpose: Record incident.
Date: ______
Location: ______
Description: ______
Incident Report
Purpose: Record incident.
Cause: ______
Action: ______
Owner: ______
Notes: Supplier company contact is a generic mailbox and business address, not an individual person's details.";no;no;no;no;no;no;no;no;no;no;no;no;no;;0;easy;no;no;train;Clean negative sample.
DOC-0240;incident_report_clean_0240.pdf;Incident Report;Teams Export;Jonas Fischer;jonas.fischer@bosch.example;2025-06-03;2026-07-28;3,28;"Incident Report (Filled)
Purpose: Example of a documented incident for compliance review.
Date: 03 Jun 2025
Location: Office Floor 3
Type: Data Handling
Description: Process deviation recorded without naming any affected person.
Incident Report (Filled) - Review
Purpose: Example of a documented incident for compliance review.
Root Cause: Incorrect selection of recipient group during email composition; no secondary review step.
Corrective Action: Introduce a mandatory recipient review checklist
Owner: Team Lead
Deadline: 30 May 2026
Notes: Role-based labels only, such as Team Lead, Facility Coordinator, Procurement Ops, or IT Service Desk.";no;no;no;no;no;no;no;no;no;no;no;no;no;;0;easy;no;no;train;Clean negative sample.
DOC-0241;incident_report_clean_0241.pdf;Incident Report;HR Archive;Anna Keller;anna.keller@bosch.example;2025-07-10;2026-09-16;1,99;"Incident Report (Filled)
Purpose: Example of a documented incident for compliance review.
Date: 10 Jul 2025
Location: Meeting Room A
Type: Safety
Description: Process deviation recorded without naming any affected person.
Incident Report (Filled) - Review
Purpose: Example of a documented incident for compliance review.
Root Cause: Cleaning sign placed after area was already wet; timing issue.
Corrective Action: Update cleaning SOP to place signage before wet cleaning
Owner: Facility Coordinator
Deadline: 20 May 2026
Notes: Training results are aggregated by course and do not contain individual comments from a participant.";no;no;no;no;no;no;no;no;no;no;no;no;no;;0;easy;no;no;train;Clean negative sample.
DOC-0242;incident_report_clean_0242.pdf;Incident Report;Shared Drive;Jonas Fischer;jonas.fischer@bosch.example;2025-08-16;2026-11-05;5,29;"Incident Report
Purpose: Record incident.
Date: ______
Location: ______
Description: ______
Incident Report
Purpose: Record incident.
Cause: ______
Action: ______
Owner: ______
Notes: Department aggregate only; no named participant, employee, manager, reviewer, or contact person is included.";no;no;no;no;no;no;no;no;no;no;no;no;no;;0;easy;no;no;train;Clean negative sample.
DOC-0243;incident_report_clean_0243.pdf;Incident Report;HR Archive;Priya Nair;priya.nair@bosch.example;2025-09-22;2026-12-25;8,27;"Incident Report
Purpose: Record incident.
Date: ______
Location: ______
Description: ______
Incident Report
Purpose: Record incident.
Cause: ______
Action: ______
Owner: ______
Notes: Blank template fields remain underscores only, matching the unfilled PDF examples.";no;no;no;no;no;no;no;no;no;no;no;no;no;;0;easy;no;no;train;Clean negative sample.
DOC-0244;incident_report_clean_0244.pdf;Incident Report;OneDrive;Sofia Hartmann;sofia.hartmann@bosch.example;2025-10-29;2027-02-13;2,3;"Incident Report
Purpose: Record incident.
Date: ______
Location: ______
Description: ______
Incident Report
Purpose: Record incident.
Cause: ______
Action: ______
Owner: ______
Notes: Blank template fields remain underscores only, matching the unfilled PDF examples.";no;no;no;no;no;no;no;no;no;no;no;no;no;;0;easy;no;no;train;Clean negative sample.
DOC-0245;incident_report_clean_0245.pdf;Incident Report;OneDrive;Maria Schmidt;maria.schmidt@bosch.example;2025-12-05;2027-04-04;8,4;"Incident Report (Filled)
Purpose: Example of a documented incident for compliance review.
Date: 05 Dec 2025
Location: Office Floor 3
Type: Data Handling
Description: Process deviation recorded without naming any affected person.
Incident Report (Filled) - Review
Purpose: Example of a documented incident for compliance review.
Root Cause: Incorrect selection of recipient group during email composition; no secondary review step.
Corrective Action: Introduce a mandatory recipient review checklist
Owner: Team Lead
Deadline: 30 May 2026
Notes: Blank template fields remain underscores only, matching the unfilled PDF examples.";no;no;no;no;no;no;no;no;no;no;no;no;no;;0;easy;no;no;train;Clean negative sample.
DOC-0246;incident_report_clean_0246.pdf;Incident Report;OneDrive;Tom Nguyen;tom.nguyen@bosch.example;2026-01-11;2027-05-24;4,82;"Incident Report
Purpose: Record incident.
Date: ______
Location: ______
Description: ______
Incident Report
Purpose: Record incident.
Cause: ______
Action: ______
Owner: ______
Notes: Supplier company contact is a generic mailbox and business address, not an individual person's details.";no;no;no;no;no;no;no;no;no;no;no;no;no;;0;easy;no;no;train;Clean negative sample.
DOC-0247;incident_report_clean_0247.pdf;Incident Report;Teams Export;Maria Schmidt;maria.schmidt@bosch.example;2026-02-17;2027-07-13;6,34;"Incident Report (Filled)
Purpose: Example of a documented incident for compliance review.
Date: 17 Feb 2026
Location: Meeting Room A
Type: Safety
Description: Process deviation recorded without naming any affected person.
Incident Report (Filled) - Review
Purpose: Example of a documented incident for compliance review.
Root Cause: Cleaning sign placed after area was already wet; timing issue.
Corrective Action: Update cleaning SOP to place signage before wet cleaning
Owner: Facility Coordinator
Deadline: 20 May 2026
Notes: Role-based labels only, such as Team Lead, Facility Coordinator, Procurement Ops, or IT Service Desk.";no;no;no;no;no;no;no;no;no;no;no;no;no;;0;easy;no;no;train;Clean negative sample.
DOC-0248;incident_report_clean_0248.pdf;Incident Report;HR Archive;Sofia Hartmann;sofia.hartmann@bosch.example;2026-03-26;2027-09-01;5,86;"Incident Report
Purpose: Record incident.
Date: ______
Location: ______
Description: ______
Incident Report
Purpose: Record incident.
Cause: ______
Action: ______
Owner: ______
Notes: Blank template fields remain underscores only, matching the unfilled PDF examples.";no;no;no;no;no;no;no;no;no;no;no;no;no;;0;easy;no;no;train;Clean negative sample.
DOC-0249;incident_report_clean_0249.pdf;Incident Report;HR Archive;Anna Keller;anna.keller@bosch.example;2020-01-14;2021-07-04;5,45;"Incident Report
Purpose: Record incident.
Date: ______
Location: ______
Description: ______
Incident Report
Purpose: Record incident.
Cause: ______
Action: ______
Owner: ______
Notes: Supplier company contact is a generic mailbox and business address, not an individual person's details.";no;no;no;no;no;no;no;no;no;no;no;no;no;;0;easy;no;yes;train;Clean negative sample.
DOC-0250;incident_report_clean_0250.pdf;Incident Report;Teams Export;Elena Hoffmann;elena.hoffmann@bosch.example;2020-02-20;2021-08-23;7,81;"Incident Report
Purpose: Record incident.
Date: ______
Location: ______
Description: ______
Incident Report
Purpose: Record incident.
Cause: ______
Action: ______
Owner: ______
Notes: Training results are aggregated by course and do not contain individual comments from a participant.";no;no;no;no;no;no;no;no;no;no;no;no;no;;0;easy;no;yes;train;Clean negative sample.
DOC-0251;incident_report_clean_0251.pdf;Incident Report;SharePoint;Elena Hoffmann;elena.hoffmann@bosch.example;2020-03-28;2021-10-12;0,85;"Incident Report (Filled)
Purpose: Example of a documented incident for compliance review.
Date: 28 Mar 2020
Location: Office Floor 3
Type: Data Handling
Description: Process deviation recorded without naming any affected person.
Incident Report (Filled) - Review
Purpose: Example of a documented incident for compliance review.
Root Cause: Incorrect selection of recipient group during email composition; no secondary review step.
Corrective Action: Introduce a mandatory recipient review checklist
Owner: Team Lead
Deadline: 30 May 2026
Notes: Contact is procurement@example-supplier.test, a generic functional mailbox rather than a person's email.";no;no;no;no;no;no;no;no;no;no;no;no;no;;0;hard;yes;yes;train;Negative edge case: looks sensitive but should be no personal data.
DOC-0252;incident_report_clean_0252.pdf;Incident Report;Shared Drive;Jonas Fischer;jonas.fischer@bosch.example;2020-05-04;2021-12-01;4,13;"Incident Report (Filled)
Purpose: Example of a documented incident for compliance review.
Date: 04 May 2020
Location: Office Floor 3
Type: Data Handling
Description: Process deviation recorded without naming any affected person.
Incident Report (Filled) - Review
Purpose: Example of a documented incident for compliance review.
Root Cause: Incorrect selection of recipient group during email composition; no secondary review step.
Corrective Action: Introduce a mandatory recipient review checklist
Owner: Team Lead
Deadline: 30 May 2026
Notes: Department aggregate only; no named participant, employee, manager, reviewer, or contact person is included.";no;no;no;no;no;no;no;no;no;no;no;no;no;;0;easy;no;yes;train;Clean negative sample.
DOC-0253;incident_report_clean_0253.pdf;Incident Report;Shared Drive;Anna Keller;anna.keller@bosch.example;2020-06-10;2022-01-20;1,54;"Incident Report (Filled)
Purpose: Example of a documented incident for compliance review.
Date: 10 Jun 2020
Location: Office Floor 3
Type: Data Handling
Description: Process deviation recorded without naming any affected person.
Incident Report (Filled) - Review
Purpose: Example of a documented incident for compliance review.
Root Cause: Incorrect selection of recipient group during email composition; no secondary review step.
Corrective Action: Introduce a mandatory recipient review checklist
Owner: Team Lead
Deadline: 30 May 2026
Notes: Role-based labels only, such as Team Lead, Facility Coordinator, Procurement Ops, or IT Service Desk.";no;no;no;no;no;no;no;no;no;no;no;no;no;;0;easy;no;yes;train;Clean negative sample.
DOC-0254;incident_report_clean_0254.pdf;Incident Report;HR Archive;Elena Hoffmann;elena.hoffmann@bosch.example;2020-07-17;2022-03-11;2,53;"Incident Report (Filled)
Purpose: Example of a documented incident for compliance review.
Date: 17 Jul 2020
Location: Meeting Room A
Type: Safety
Description: Process deviation recorded without naming any affected person.
Incident Report (Filled) - Review
Purpose: Example of a documented incident for compliance review.
Root Cause: Cleaning sign placed after area was already wet; timing issue.
Corrective Action: Update cleaning SOP to place signage before wet cleaning
Owner: Facility Coordinator
Deadline: 20 May 2026
Notes: Blank template fields remain underscores only, matching the unfilled PDF examples.";no;no;no;no;no;no;no;no;no;no;no;no;no;;0;easy;no;yes;train;Clean negative sample.
DOC-0255;incident_report_clean_0255.pdf;Incident Report;OneDrive;Maria Schmidt;maria.schmidt@bosch.example;2020-08-23;2022-04-30;2,76;"Incident Report (Filled)
Purpose: Example of a documented incident for compliance review.
Date: 23 Aug 2020
Location: Office Floor 3
Type: Data Handling
Description: Process deviation recorded without naming any affected person.
Incident Report (Filled) - Review
Purpose: Example of a documented incident for compliance review.
Root Cause: Incorrect selection of recipient group during email composition; no secondary review step.
Corrective Action: Introduce a mandatory recipient review checklist
Owner: Team Lead
Deadline: 30 May 2026
Notes: Training results are aggregated by course and do not contain individual comments from a participant.";no;no;no;no;no;no;no;no;no;no;no;no;no;;0;easy;no;yes;train;Clean negative sample.
DOC-0256;incident_report_clean_0256.pdf;Incident Report;SharePoint;Tom Nguyen;tom.nguyen@bosch.example;2020-09-29;2022-06-19;1,45;"Incident Report (Filled)
Purpose: Example of a documented incident for compliance review.
Date: 29 Sept 2020
Location: Meeting Room A
Type: Safety
Description: Process deviation recorded without naming any affected person.
Incident Report (Filled) - Review
Purpose: Example of a documented incident for compliance review.
Root Cause: Cleaning sign placed after area was already wet; timing issue.
Corrective Action: Update cleaning SOP to place signage before wet cleaning
Owner: Facility Coordinator
Deadline: 20 May 2026
Notes: Training results are aggregated by course and do not contain individual comments from a participant.";no;no;no;no;no;no;no;no;no;no;no;no;no;;0;easy;no;yes;train;Clean negative sample.
DOC-0257;incident_report_clean_0257.pdf;Incident Report;Teams Export;Maria Schmidt;maria.schmidt@bosch.example;2020-11-05;2022-08-08;6,96;"Incident Report (Filled)
Purpose: Example of a documented incident for compliance review.
Date: 05 Nov 2020
Location: Meeting Room A
Type: Safety
Description: Process deviation recorded without naming any affected person.
Incident Report (Filled) - Review
Purpose: Example of a documented incident for compliance review.
Root Cause: Cleaning sign placed after area was already wet; timing issue.
Corrective Action: Update cleaning SOP to place signage before wet cleaning
Owner: Facility Coordinator
Deadline: 20 May 2026
Notes: Blank template fields remain underscores only, matching the unfilled PDF examples.";no;no;no;no;no;no;no;no;no;no;no;no;no;;0;easy;no;yes;train;Clean negative sample.
DOC-0258;incident_report_clean_0258.pdf;Incident Report;OneDrive;Priya Nair;priya.nair@bosch.example;2020-12-12;2022-09-27;7,78;"Incident Report (Filled)
Purpose: Example of a documented incident for compliance review.
Date: 12 Dec 2020
Location: Office Floor 3
Type: Data Handling
Description: Process deviation recorded without naming any affected person.
Incident Report (Filled) - Review
Purpose: Example of a documented incident for compliance review.
Root Cause: Incorrect selection of recipient group during email composition; no secondary review step.
Corrective Action: Introduce a mandatory recipient review checklist
Owner: Team Lead
Deadline: 30 May 2026
Notes: Supplier company contact is a generic mailbox and business address, not an individual person's details.";no;no;no;no;no;no;no;no;no;no;no;no;no;;0;easy;no;yes;train;Clean negative sample.
DOC-0259;incident_report_clean_0259.pdf;Incident Report;Shared Drive;Lukas Weber;lukas.weber@bosch.example;2021-01-18;2022-11-16;3,94;"Incident Report (Filled)
Purpose: Example of a documented incident for compliance review.
Date: 18 Jan 2021
Location: Office Floor 3
Type: Data Handling
Description: Process deviation recorded without naming any affected person.
Incident Report (Filled) - Review
Purpose: Example of a documented incident for compliance review.
Root Cause: Incorrect selection of recipient group during email composition; no secondary review step.
Corrective Action: Introduce a mandatory recipient review checklist
Owner: Team Lead
Deadline: 30 May 2026
Notes: Role-based labels only, such as Team Lead, Facility Coordinator, Procurement Ops, or IT Service Desk.";no;no;no;no;no;no;no;no;no;no;no;no;no;;0;easy;no;yes;train;Clean negative sample.
DOC-0260;incident_report_clean_0260.pdf;Incident Report;Shared Drive;Priya Nair;priya.nair@bosch.example;2021-02-24;2023-01-05;1,4;"Incident Report
Purpose: Record incident.
Date: ______
Location: ______
Description: ______
Incident Report
Purpose: Record incident.
Cause: ______
Action: ______
Owner: ______
Notes: Blank template fields remain underscores only, matching the unfilled PDF examples.";no;no;no;no;no;no;no;no;no;no;no;no;no;;0;easy;no;yes;train;Clean negative sample.
DOC-0261;incident_report_clean_0261.pdf;Incident Report;Shared Drive;Noah Becker;noah.becker@bosch.example;2021-04-02;2023-02-24;7,99;"Incident Report (Filled)
Purpose: Example of a documented incident for compliance review.
Date: 02 Apr 2021
Location: Office Floor 3
Type: Data Handling
Description: Process deviation recorded without naming any affected person.
Incident Report (Filled) - Review
Purpose: Example of a documented incident for compliance review.
Root Cause: Incorrect selection of recipient group during email composition; no secondary review step.
Corrective Action: Introduce a mandatory recipient review checklist
Owner: Team Lead
Deadline: 30 May 2026
Notes: Department aggregate only; no named participant, employee, manager, reviewer, or contact person is included.";no;no;no;no;no;no;no;no;no;no;no;no;no;;0;easy;no;yes;train;Clean negative sample.
DOC-0262;incident_report_clean_0262.pdf;Incident Report;Teams Export;Jonas Fischer;jonas.fischer@bosch.example;2021-05-09;2023-04-15;5,85;"Incident Report (Filled)
Purpose: Example of a documented incident for compliance review.
Date: 09 May 2021
Location: Meeting Room A
Type: Safety
Description: Process deviation recorded without naming any affected person.
Incident Report (Filled) - Review
Purpose: Example of a documented incident for compliance review.
Root Cause: Cleaning sign placed after area was already wet; timing issue.
Corrective Action: Update cleaning SOP to place signage before wet cleaning
Owner: Facility Coordinator
Deadline: 20 May 2026
Notes: Role-based labels only, such as Team Lead, Facility Coordinator, Procurement Ops, or IT Service Desk.";no;no;no;no;no;no;no;no;no;no;no;no;no;;0;easy;no;yes;train;Clean negative sample.
DOC-0263;incident_report_clean_0263.pdf;Incident Report;Shared Drive;Anna Keller;anna.keller@bosch.example;2021-06-15;2023-06-04;5,87;"Incident Report (Filled)
Purpose: Example of a documented incident for compliance review.
Date: 15 Jun 2021
Location: Meeting Room A
Type: Safety
Description: Process deviation recorded without naming any affected person.
Incident Report (Filled) - Review
Purpose: Example of a documented incident for compliance review.
Root Cause: Cleaning sign placed after area was already wet; timing issue.
Corrective Action: Update cleaning SOP to place signage before wet cleaning
Owner: Facility Coordinator
Deadline: 20 May 2026
Notes: Role-based labels only, such as Team Lead, Facility Coordinator, Procurement Ops, or IT Service Desk.";no;no;no;no;no;no;no;no;no;no;no;no;no;;0;easy;no;no;train;Clean negative sample.
DOC-0264;incident_report_clean_0264.pdf;Incident Report;Shared Drive;Anna Keller;anna.keller@bosch.example;2021-07-22;2023-07-24;1,73;"Incident Report (Filled)
Purpose: Example of a documented incident for compliance review.
Date: 22 Jul 2021
Location: Office Floor 3
Type: Data Handling
Description: Process deviation recorded without naming any affected person.
Incident Report (Filled) - Review
Purpose: Example of a documented incident for compliance review.
Root Cause: Incorrect selection of recipient group during email composition; no secondary review step.
Corrective Action: Introduce a mandatory recipient review checklist
Owner: Team Lead
Deadline: 30 May 2026
Notes: Training results are aggregated by course and do not contain individual comments from a participant.";no;no;no;no;no;no;no;no;no;no;no;no;no;;0;easy;no;no;train;Clean negative sample.
DOC-0265;incident_report_clean_0265.pdf;Incident Report;Shared Drive;Sofia Hartmann;sofia.hartmann@bosch.example;2021-08-28;2023-09-12;8,54;"Incident Report (Filled)
Purpose: Example of a documented incident for compliance review.
Date: 28 Aug 2021
Location: Meeting Room A
Type: Safety
Description: Process deviation recorded without naming any affected person.
Incident Report (Filled) - Review
Purpose: Example of a documented incident for compliance review.
Root Cause: Cleaning sign placed after area was already wet; timing issue.
Corrective Action: Update cleaning SOP to place signage before wet cleaning
Owner: Facility Coordinator
Deadline: 20 May 2026
Notes: Blank template fields remain underscores only, matching the unfilled PDF examples.";no;no;no;no;no;no;no;no;no;no;no;no;no;;0;easy;no;no;train;Clean negative sample.
DOC-0266;incident_report_clean_0266.pdf;Incident Report;HR Archive;Max Wagner;max.wagner@bosch.example;2021-10-04;2023-11-01;4,89;"Incident Report (Filled)
Purpose: Example of a documented incident for compliance review.
Date: 04 Oct 2021
Location: Office Floor 3
Type: Data Handling
Description: Process deviation recorded without naming any affected person.
Incident Report (Filled) - Review
Purpose: Example of a documented incident for compliance review.
Root Cause: Incorrect selection of recipient group during email composition; no secondary review step.
Corrective Action: Introduce a mandatory recipient review checklist
Owner: Team Lead
Deadline: 30 May 2026
Notes: Training results are aggregated by course and do not contain individual comments from a participant.";no;no;no;no;no;no;no;no;no;no;no;no;no;;0;easy;no;no;train;Clean negative sample.
DOC-0267;incident_report_clean_0267.pdf;Incident Report;Shared Drive;Jonas Fischer;jonas.fischer@bosch.example;2021-11-10;2023-12-21;4,48;"Incident Report
Purpose: Record incident.
Date: ______
Location: ______
Description: ______
Incident Report
Purpose: Record incident.
Cause: ______
Action: ______
Owner: ______
Notes: Department aggregate only; no named participant, employee, manager, reviewer, or contact person is included.";no;no;no;no;no;no;no;no;no;no;no;no;no;;0;easy;no;no;train;Clean negative sample.
DOC-0268;incident_report_clean_0268.pdf;Incident Report;Shared Drive;Elena Hoffmann;elena.hoffmann@bosch.example;2021-12-17;2024-02-09;5,71;"Incident Report (Filled)
Purpose: Example of a documented incident for compliance review.
Date: 17 Dec 2021
Location: Office Floor 3
Type: Data Handling
Description: Process deviation recorded without naming any affected person.
Incident Report (Filled) - Review
Purpose: Example of a documented incident for compliance review.
Root Cause: Incorrect selection of recipient group during email composition; no secondary review step.
Corrective Action: Introduce a mandatory recipient review checklist
Owner: Team Lead
Deadline: 30 May 2026
Notes: Comments mention 'healthy process' and 'sick pipeline' as metaphors, not health information.";no;no;no;no;no;no;no;no;no;no;no;no;no;;0;hard;yes;no;train;Negative edge case: looks sensitive but should be no personal data.
DOC-0269;incident_report_clean_0269.pdf;Incident Report;Shared Drive;Maria Schmidt;maria.schmidt@bosch.example;2022-01-23;2024-03-30;1,92;"Incident Report (Filled)
Purpose: Example of a documented incident for compliance review.
Date: 23 Jan 2022
Location: Office Floor 3
Type: Data Handling
Description: Process deviation recorded without naming any affected person.
Incident Report (Filled) - Review
Purpose: Example of a documented incident for compliance review.
Root Cause: Incorrect selection of recipient group during email composition; no secondary review step.
Corrective Action: Introduce a mandatory recipient review checklist
Owner: Team Lead
Deadline: 30 May 2026
Notes: Department aggregate only; no named participant, employee, manager, reviewer, or contact person is included.";no;no;no;no;no;no;no;no;no;no;no;no;no;;0;easy;no;no;train;Clean negative sample.
DOC-0270;incident_report_clean_0270.pdf;Incident Report;Teams Export;Max Wagner;max.wagner@bosch.example;2022-03-01;2024-05-19;1,16;"Incident Report
Purpose: Record incident.
Date: ______
Location: ______
Description: ______
Incident Report
Purpose: Record incident.
Cause: ______
Action: ______
Owner: ______
Notes: Training results are aggregated by course and do not contain individual comments from a participant.";no;no;no;no;no;no;no;no;no;no;no;no;no;;0;easy;no;no;train;Clean negative sample.
DOC-0271;incident_report_clean_0271.pdf;Incident Report;HR Archive;Noah Becker;noah.becker@bosch.example;2022-04-07;2024-07-08;6,65;"Incident Report (Filled)
Purpose: Example of a documented incident for compliance review.
Date: 07 Apr 2022
Location: Meeting Room A
Type: Safety
Description: Process deviation recorded without naming any affected person.
Incident Report (Filled) - Review
Purpose: Example of a documented incident for compliance review.
Root Cause: Cleaning sign placed after area was already wet; timing issue.
Corrective Action: Update cleaning SOP to place signage before wet cleaning
Owner: Facility Coordinator
Deadline: 20 May 2026
Notes: Blank template fields remain underscores only, matching the unfilled PDF examples.";no;no;no;no;no;no;no;no;no;no;no;no;no;;0;easy;no;no;validation;Clean negative sample.
DOC-0272;incident_report_clean_0272.pdf;Incident Report;SharePoint;Lukas Weber;lukas.weber@bosch.example;2022-05-14;2024-08-27;2,63;"Incident Report (Filled)
Purpose: Example of a documented incident for compliance review.
Date: 14 May 2022
Location: Meeting Room A
Type: Safety
Description: Process deviation recorded without naming any affected person.
Incident Report (Filled) - Review
Purpose: Example of a documented incident for compliance review.
Root Cause: Cleaning sign placed after area was already wet; timing issue.
Corrective Action: Update cleaning SOP to place signage before wet cleaning
Owner: Facility Coordinator
Deadline: 20 May 2026
Notes: Department aggregate only; no named participant, employee, manager, reviewer, or contact person is included.";no;no;no;no;no;no;no;no;no;no;no;no;no;;0;easy;no;no;validation;Clean negative sample.
DOC-0273;incident_report_clean_0273.pdf;Incident Report;HR Archive;Elena Hoffmann;elena.hoffmann@bosch.example;2022-06-20;2024-10-16;7,27;"Incident Report (Filled)
Purpose: Example of a documented incident for compliance review.
Date: 20 Jun 2022
Location: Meeting Room A
Type: Safety
Description: Process deviation recorded without naming any affected person.
Incident Report (Filled) - Review
Purpose: Example of a documented incident for compliance review.
Root Cause: Cleaning sign placed after area was already wet; timing issue.
Corrective Action: Update cleaning SOP to place signage before wet cleaning
Owner: Facility Coordinator
Deadline: 20 May 2026
Notes: Supplier company contact is a generic mailbox and business address, not an individual person's details.";no;no;no;no;no;no;no;no;no;no;no;no;no;;0;easy;no;no;validation;Clean negative sample.
DOC-0274;incident_report_clean_0274.pdf;Incident Report;HR Archive;Priya Nair;priya.nair@bosch.example;2022-07-27;2024-12-05;2,91;"Incident Report
Purpose: Record incident.
Date: ______
Location: ______
Description: ______
Incident Report
Purpose: Record incident.
Cause: ______
Action: ______
Owner: ______
Notes: Role-based labels only, such as Team Lead, Facility Coordinator, Procurement Ops, or IT Service Desk.";no;no;no;no;no;no;no;no;no;no;no;no;no;;0;easy;no;no;validation;Clean negative sample.
DOC-0275;incident_report_clean_0275.pdf;Incident Report;HR Archive;Jonas Fischer;jonas.fischer@bosch.example;2022-09-02;2025-01-24;1,93;"Incident Report
Purpose: Record incident.
Date: ______
Location: ______
Description: ______
Incident Report
Purpose: Record incident.
Cause: ______
Action: ______
Owner: ______
Notes: Supplier company contact is a generic mailbox and business address, not an individual person's details.";no;no;no;no;no;no;no;no;no;no;no;no;no;;0;easy;no;no;validation;Clean negative sample.
DOC-0276;incident_report_clean_0276.pdf;Incident Report;HR Archive;Sofia Hartmann;sofia.hartmann@bosch.example;2022-10-09;2025-03-15;3,59;"Incident Report
Purpose: Record incident.
Date: ______
Location: ______
Description: ______
Incident Report
Purpose: Record incident.
Cause: ______
Action: ______
Owner: ______
Notes: Role-based labels only, such as Team Lead, Facility Coordinator, Procurement Ops, or IT Service Desk.";no;no;no;no;no;no;no;no;no;no;no;no;no;;0;easy;no;no;validation;Clean negative sample.
DOC-0277;incident_report_clean_0277.pdf;Incident Report;SharePoint;Sofia Hartmann;sofia.hartmann@bosch.example;2022-11-15;2022-11-16;1,22;"Incident Report (Filled)
Purpose: Example of a documented incident for compliance review.
Date: 15 Nov 2022
Location: Meeting Room A
Type: Safety
Description: Process deviation recorded without naming any affected person.
Incident Report (Filled) - Review
Purpose: Example of a documented incident for compliance review.
Root Cause: Cleaning sign placed after area was already wet; timing issue.
Corrective Action: Update cleaning SOP to place signage before wet cleaning
Owner: Facility Coordinator
Deadline: 20 May 2026
Notes: Blank template fields remain underscores only, matching the unfilled PDF examples.";no;no;no;no;no;no;no;no;no;no;no;no;no;;0;easy;no;yes;validation;Clean negative sample.
DOC-0278;incident_report_clean_0278.pdf;Incident Report;OneDrive;Noah Becker;noah.becker@bosch.example;2022-12-22;2023-01-05;3,35;"Incident Report (Filled)
Purpose: Example of a documented incident for compliance review.
Date: 22 Dec 2022
Location: Office Floor 3
Type: Data Handling
Description: Process deviation recorded without naming any affected person.
Incident Report (Filled) - Review
Purpose: Example of a documented incident for compliance review.
Root Cause: Incorrect selection of recipient group during email composition; no secondary review step.
Corrective Action: Introduce a mandatory recipient review checklist
Owner: Team Lead
Deadline: 30 May 2026
Notes: Department aggregate only; no named participant, employee, manager, reviewer, or contact person is included.";no;no;no;no;no;no;no;no;no;no;no;no;no;;0;easy;no;yes;validation;Clean negative sample.
DOC-0279;incident_report_clean_0279.pdf;Incident Report;Shared Drive;Jonas Fischer;jonas.fischer@bosch.example;2023-01-28;2023-02-24;5,08;"Incident Report (Filled)
Purpose: Example of a documented incident for compliance review.
Date: 28 Jan 2023
Location: Meeting Room A
Type: Safety
Description: Process deviation recorded without naming any affected person.
Incident Report (Filled) - Review
Purpose: Example of a documented incident for compliance review.
Root Cause: Cleaning sign placed after area was already wet; timing issue.
Corrective Action: Update cleaning SOP to place signage before wet cleaning
Owner: Facility Coordinator
Deadline: 20 May 2026
Notes: Role-based labels only, such as Team Lead, Facility Coordinator, Procurement Ops, or IT Service Desk.";no;no;no;no;no;no;no;no;no;no;no;no;no;;0;easy;no;yes;validation;Clean negative sample.
DOC-0280;incident_report_clean_0280.pdf;Incident Report;Shared Drive;Lukas Weber;lukas.weber@bosch.example;2023-03-06;2023-04-15;1,81;"Incident Report (Filled)
Purpose: Example of a documented incident for compliance review.
Date: 06 Mar 2023
Location: Meeting Room A
Type: Safety
Description: Process deviation recorded without naming any affected person.
Incident Report (Filled) - Review
Purpose: Example of a documented incident for compliance review.
Root Cause: Cleaning sign placed after area was already wet; timing issue.
Corrective Action: Update cleaning SOP to place signage before wet cleaning
Owner: Facility Coordinator
Deadline: 20 May 2026
Notes: Training results are aggregated by course and do not contain individual comments from a participant.";no;no;no;no;no;no;no;no;no;no;no;no;no;;0;easy;no;yes;validation;Clean negative sample.
DOC-0281;incident_report_clean_0281.pdf;Incident Report;OneDrive;Lukas Weber;lukas.weber@bosch.example;2023-04-12;2023-06-04;3,35;"Incident Report (Filled)
Purpose: Example of a documented incident for compliance review.
Date: 12 Apr 2023
Location: Office Floor 3
Type: Data Handling
Description: Process deviation recorded without naming any affected person.
Incident Report (Filled) - Review
Purpose: Example of a documented incident for compliance review.
Root Cause: Incorrect selection of recipient group during email composition; no secondary review step.
Corrective Action: Introduce a mandatory recipient review checklist
Owner: Team Lead
Deadline: 30 May 2026
Notes: Role-based labels only, such as Team Lead, Facility Coordinator, Procurement Ops, or IT Service Desk.";no;no;no;no;no;no;no;no;no;no;no;no;no;;0;easy;no;no;validation;Clean negative sample.
DOC-0282;incident_report_clean_0282.pdf;Incident Report;SharePoint;Tom Nguyen;tom.nguyen@bosch.example;2023-05-19;2023-07-24;1,27;"Incident Report (Filled)
Purpose: Example of a documented incident for compliance review.
Date: 19 May 2023
Location: Office Floor 3
Type: Data Handling
Description: Process deviation recorded without naming any affected person.
Incident Report (Filled) - Review
Purpose: Example of a documented incident for compliance review.
Root Cause: Incorrect selection of recipient group during email composition; no secondary review step.
Corrective Action: Introduce a mandatory recipient review checklist
Owner: Team Lead
Deadline: 30 May 2026
Notes: Role-based labels only, such as Team Lead, Facility Coordinator, Procurement Ops, or IT Service Desk.";no;no;no;no;no;no;no;no;no;no;no;no;no;;0;easy;no;no;validation;Clean negative sample.
DOC-0283;incident_report_clean_0283.pdf;Incident Report;OneDrive;Jonas Fischer;jonas.fischer@bosch.example;2023-06-25;2023-09-12;6,8;"Incident Report (Filled)
Purpose: Example of a documented incident for compliance review.
Date: 25 Jun 2023
Location: Office Floor 3
Type: Data Handling
Description: Process deviation recorded without naming any affected person.
Incident Report (Filled) - Review
Purpose: Example of a documented incident for compliance review.
Root Cause: Incorrect selection of recipient group during email composition; no secondary review step.
Corrective Action: Introduce a mandatory recipient review checklist
Owner: Team Lead
Deadline: 30 May 2026
Notes: Role-based labels only, such as Team Lead, Facility Coordinator, Procurement Ops, or IT Service Desk.";no;no;no;no;no;no;no;no;no;no;no;no;no;;0;easy;no;no;validation;Clean negative sample.
DOC-0284;incident_report_clean_0284.pdf;Incident Report;OneDrive;Max Wagner;max.wagner@bosch.example;2023-08-01;2023-11-01;6,64;"Incident Report (Filled)
Purpose: Example of a documented incident for compliance review.
Date: 01 Aug 2023
Location: Office Floor 3
Type: Data Handling
Description: Process deviation recorded without naming any affected person.
Incident Report (Filled) - Review
Purpose: Example of a documented incident for compliance review.
Root Cause: Incorrect selection of recipient group during email composition; no secondary review step.
Corrective Action: Introduce a mandatory recipient review checklist
Owner: Team Lead
Deadline: 30 May 2026
Notes: Training results are aggregated by course and do not contain individual comments from a participant.";no;no;no;no;no;no;no;no;no;no;no;no;no;;0;easy;no;no;validation;Clean negative sample.
DOC-0285;incident_report_clean_0285.pdf;Incident Report;HR Archive;Noah Becker;noah.becker@bosch.example;2023-09-07;2023-12-21;2,9;"Incident Report (Filled)
Purpose: Example of a documented incident for compliance review.
Date: 07 Sept 2023
Location: Office Floor 3
Type: Data Handling
Description: Process deviation recorded without naming any affected person.
Incident Report (Filled) - Review
Purpose: Example of a documented incident for compliance review.
Root Cause: Incorrect selection of recipient group during email composition; no secondary review step.
Corrective Action: Introduce a mandatory recipient review checklist
Owner: Team Lead
Deadline: 30 May 2026
Notes: Address is a supplier company location, not a home, billing, or shipping address for a person.";no;no;no;no;no;no;no;no;no;no;no;no;no;;0;hard;yes;no;validation;Negative edge case: looks sensitive but should be no personal data.
DOC-0286;incident_report_clean_0286.pdf;Incident Report;Teams Export;Max Wagner;max.wagner@bosch.example;2023-10-14;2024-02-09;3,34;"Incident Report (Filled)
Purpose: Example of a documented incident for compliance review.
Date: 14 Oct 2023
Location: Meeting Room A
Type: Safety
Description: Process deviation recorded without naming any affected person.
Incident Report (Filled) - Review
Purpose: Example of a documented incident for compliance review.
Root Cause: Cleaning sign placed after area was already wet; timing issue.
Corrective Action: Update cleaning SOP to place signage before wet cleaning
Owner: Facility Coordinator
Deadline: 20 May 2026
Notes: Role-based labels only, such as Team Lead, Facility Coordinator, Procurement Ops, or IT Service Desk.";no;no;no;no;no;no;no;no;no;no;no;no;no;;0;easy;no;no;test;Clean negative sample.
DOC-0287;incident_report_clean_0287.pdf;Incident Report;SharePoint;Noah Becker;noah.becker@bosch.example;2023-11-20;2024-03-30;7,73;"Incident Report (Filled)
Purpose: Example of a documented incident for compliance review.
Date: 20 Nov 2023
Location: Meeting Room A
Type: Safety
Description: Process deviation recorded without naming any affected person.
Incident Report (Filled) - Review
Purpose: Example of a documented incident for compliance review.
Root Cause: Cleaning sign placed after area was already wet; timing issue.
Corrective Action: Update cleaning SOP to place signage before wet cleaning
Owner: Facility Coordinator
Deadline: 20 May 2026
Notes: Training results are aggregated by course and do not contain individual comments from a participant.";no;no;no;no;no;no;no;no;no;no;no;no;no;;0;easy;no;no;test;Clean negative sample.
DOC-0288;incident_report_clean_0288.pdf;Incident Report;HR Archive;Max Wagner;max.wagner@bosch.example;2023-12-27;2024-05-19;6,61;"Incident Report
Purpose: Record incident.
Date: ______
Location: ______
Description: ______
Incident Report
Purpose: Record incident.
Cause: ______
Action: ______
Owner: ______
Notes: Department aggregate only; no named participant, employee, manager, reviewer, or contact person is included.";no;no;no;no;no;no;no;no;no;no;no;no;no;;0;easy;no;no;test;Clean negative sample.
DOC-0289;incident_report_clean_0289.pdf;Incident Report;Shared Drive;Elena Hoffmann;elena.hoffmann@bosch.example;2024-02-02;2024-07-08;1,86;"Incident Report (Filled)
Purpose: Example of a documented incident for compliance review.
Date: 02 Feb 2024
Location: Meeting Room A
Type: Safety
Description: Process deviation recorded without naming any affected person.
Incident Report (Filled) - Review
Purpose: Example of a documented incident for compliance review.
Root Cause: Cleaning sign placed after area was already wet; timing issue.
Corrective Action: Update cleaning SOP to place signage before wet cleaning
Owner: Facility Coordinator
Deadline: 20 May 2026
Notes: Supplier company contact is a generic mailbox and business address, not an individual person's details.";no;no;no;no;no;no;no;no;no;no;no;no;no;;0;easy;no;no;test;Clean negative sample.
DOC-0290;incident_report_clean_0290.pdf;Incident Report;Shared Drive;Lukas Weber;lukas.weber@bosch.example;2024-03-10;2024-08-27;1,33;"Incident Report (Filled)
Purpose: Example of a documented incident for compliance review.
Date: 10 Mar 2024
Location: Meeting Room A
Type: Safety
Description: Process deviation recorded without naming any affected person.
Incident Report (Filled) - Review
Purpose: Example of a documented incident for compliance review.
Root Cause: Cleaning sign placed after area was already wet; timing issue.
Corrective Action: Update cleaning SOP to place signage before wet cleaning
Owner: Facility Coordinator
Deadline: 20 May 2026
Notes: Training results are aggregated by course and do not contain individual comments from a participant.";no;no;no;no;no;no;no;no;no;no;no;no;no;;0;easy;no;no;test;Clean negative sample.
DOC-0291;incident_report_clean_0291.pdf;Incident Report;Teams Export;Maria Schmidt;maria.schmidt@bosch.example;2024-04-16;2024-10-16;7,51;"Incident Report
Purpose: Record incident.
Date: ______
Location: ______
Description: ______
Incident Report
Purpose: Record incident.
Cause: ______
Action: ______
Owner: ______
Notes: Role-based labels only, such as Team Lead, Facility Coordinator, Procurement Ops, or IT Service Desk.";no;no;no;no;no;no;no;no;no;no;no;no;no;;0;easy;no;no;test;Clean negative sample.
DOC-0292;incident_report_clean_0292.pdf;Incident Report;HR Archive;Priya Nair;priya.nair@bosch.example;2024-05-23;2024-12-05;4,89;"Incident Report (Filled)
Purpose: Example of a documented incident for compliance review.
Date: 23 May 2024
Location: Office Floor 3
Type: Data Handling
Description: Process deviation recorded without naming any affected person.
Incident Report (Filled) - Review
Purpose: Example of a documented incident for compliance review.
Root Cause: Incorrect selection of recipient group during email composition; no secondary review step.
Corrective Action: Introduce a mandatory recipient review checklist
Owner: Team Lead
Deadline: 30 May 2026
Notes: Training results are aggregated by course and do not contain individual comments from a participant.";no;no;no;no;no;no;no;no;no;no;no;no;no;;0;easy;no;no;test;Clean negative sample.
DOC-0293;incident_report_clean_0293.pdf;Incident Report;HR Archive;Tom Nguyen;tom.nguyen@bosch.example;2024-06-29;2025-01-24;4,85;"Incident Report (Filled)
Purpose: Example of a documented incident for compliance review.
Date: 29 Jun 2024
Location: Meeting Room A
Type: Safety
Description: Process deviation recorded without naming any affected person.
Incident Report (Filled) - Review
Purpose: Example of a documented incident for compliance review.
Root Cause: Cleaning sign placed after area was already wet; timing issue.
Corrective Action: Update cleaning SOP to place signage before wet cleaning
Owner: Facility Coordinator
Deadline: 20 May 2026
Notes: Role-based labels only, such as Team Lead, Facility Coordinator, Procurement Ops, or IT Service Desk.";no;no;no;no;no;no;no;no;no;no;no;no;no;;0;easy;no;no;test;Clean negative sample.
DOC-0294;incident_report_clean_0294.pdf;Incident Report;OneDrive;Maria Schmidt;maria.schmidt@bosch.example;2024-08-05;2025-03-15;6;"Incident Report
Purpose: Record incident.
Date: ______
Location: ______
Description: ______
Incident Report
Purpose: Record incident.
Cause: ______
Action: ______
Owner: ______
Notes: Supplier company contact is a generic mailbox and business address, not an individual person's details.";no;no;no;no;no;no;no;no;no;no;no;no;no;;0;easy;no;no;test;Clean negative sample.
DOC-0295;incident_report_clean_0295.pdf;Incident Report;Teams Export;Lukas Weber;lukas.weber@bosch.example;2024-09-11;2025-05-04;6,33;"Incident Report (Filled)
Purpose: Example of a documented incident for compliance review.
Date: 11 Sept 2024
Location: Office Floor 3
Type: Data Handling
Description: Process deviation recorded without naming any affected person.
Incident Report (Filled) - Review
Purpose: Example of a documented incident for compliance review.
Root Cause: Incorrect selection of recipient group during email composition; no secondary review step.
Corrective Action: Introduce a mandatory recipient review checklist
Owner: Team Lead
Deadline: 30 May 2026
Notes: Role-based labels only, such as Team Lead, Facility Coordinator, Procurement Ops, or IT Service Desk.";no;no;no;no;no;no;no;no;no;no;no;no;no;;0;easy;no;no;test;Clean negative sample.
DOC-0296;incident_report_clean_0296.pdf;Incident Report;SharePoint;Max Wagner;max.wagner@bosch.example;2024-10-18;2025-06-23;3,02;"Incident Report (Filled)
Purpose: Example of a documented incident for compliance review.
Date: 18 Oct 2024
Location: Meeting Room A
Type: Safety
Description: Process deviation recorded without naming any affected person.
Incident Report (Filled) - Review
Purpose: Example of a documented incident for compliance review.
Root Cause: Cleaning sign placed after area was already wet; timing issue.
Corrective Action: Update cleaning SOP to place signage before wet cleaning
Owner: Facility Coordinator
Deadline: 20 May 2026
Notes: Supplier company contact is a generic mailbox and business address, not an individual person's details.";no;no;no;no;no;no;no;no;no;no;no;no;no;;0;easy;no;no;test;Clean negative sample.
DOC-0297;incident_report_clean_0297.pdf;Incident Report;OneDrive;Maria Schmidt;maria.schmidt@bosch.example;2024-11-24;2025-08-12;3,83;"Incident Report
Purpose: Record incident.
Date: ______
Location: ______
Description: ______
Incident Report
Purpose: Record incident.
Cause: ______
Action: ______
Owner: ______
Notes: Role-based labels only, such as Team Lead, Facility Coordinator, Procurement Ops, or IT Service Desk.";no;no;no;no;no;no;no;no;no;no;no;no;no;;0;easy;no;no;test;Clean negative sample.
DOC-0298;incident_report_clean_0298.pdf;Incident Report;HR Archive;Lukas Weber;lukas.weber@bosch.example;2024-12-31;2025-10-01;5,24;"Incident Report (Filled)
Purpose: Example of a documented incident for compliance review.
Date: 31 Dec 2024
Location: Meeting Room A
Type: Safety
Description: Process deviation recorded without naming any affected person.
Incident Report (Filled) - Review
Purpose: Example of a documented incident for compliance review.
Root Cause: Cleaning sign placed after area was already wet; timing issue.
Corrective Action: Update cleaning SOP to place signage before wet cleaning
Owner: Facility Coordinator
Deadline: 20 May 2026
Notes: Supplier company contact is a generic mailbox and business address, not an individual person's details.";no;no;no;no;no;no;no;no;no;no;no;no;no;;0;easy;no;no;test;Clean negative sample.
DOC-0299;incident_report_clean_0299.pdf;Incident Report;Teams Export;Elena Hoffmann;elena.hoffmann@bosch.example;2025-02-06;2025-11-20;3,57;"Incident Report
Purpose: Record incident.
Date: ______
Location: ______
Description: ______
Incident Report
Purpose: Record incident.
Cause: ______
Action: ______
Owner: ______
Notes: Supplier company contact is a generic mailbox and business address, not an individual person's details.";no;no;no;no;no;no;no;no;no;no;no;no;no;;0;easy;no;no;test;Clean negative sample.
DOC-0300;incident_report_clean_0300.pdf;Incident Report;Teams Export;Priya Nair;priya.nair@bosch.example;2025-03-15;2026-01-09;3,73;"Incident Report (Filled)
Purpose: Example of a documented incident for compliance review.
Date: 15 Mar 2025
Location: Office Floor 3
Type: Data Handling
Description: Process deviation recorded without naming any affected person.
Incident Report (Filled) - Review
Purpose: Example of a documented incident for compliance review.
Root Cause: Incorrect selection of recipient group during email composition; no secondary review step.
Corrective Action: Introduce a mandatory recipient review checklist
Owner: Team Lead
Deadline: 30 May 2026
Notes: Role-based labels only, such as Team Lead, Facility Coordinator, Procurement Ops, or IT Service Desk.";no;no;no;no;no;no;no;no;no;no;no;no;no;;0;easy;no;no;test;Clean negative sample.
DOC-0301;supplier_onboarding_finding_0301.pdf;Supplier Onboarding;SharePoint;Tom Nguyen;tom.nguyen@bosch.example;2025-04-21;2026-02-28;0,58;"Supplier Onboarding (Filled)
Purpose: Example of a completed supplier onboarding record.
Company: Nordic Components GmbH
Address: Hauptstr. 12, 70173 Stuttgart
Contact: procurement@nordic-components.example
Tax ID: DE123456789
Certification: ISO 9001
Risk Level: Medium
Passport Number: C4X829l7 4
Supplier Onboarding (Filled) - Review
Purpose: Example of a completed supplier onboarding record.
Reviewer: Procurement Ops
Comments: Documents verified; banking details pending validation.
Approval: Conditionally Approved
Notes: Activate vendor after bank verification.";yes;no;no;no;no;no;no;yes;no;no;no;no;no;passport_number;1;hard;yes;no;train;Useful for testing ambiguous/OCR/context-heavy personal-data detection.
DOC-0302;supplier_onboarding_finding_0302.pdf;Supplier Onboarding;OneDrive;Elena Hoffmann;elena.hoffmann@bosch.example;2025-05-28;2026-04-19;6,32;"Supplier Onboarding (Filled)
Purpose: Example of a completed supplier onboarding record.
Company: Nordic Components GmbH
Address: Hauptstr. 12, 70173 Stuttgart
Contact: procurement@nordic-components.example
Tax ID: DE123456789
Certification: ISO 9001
Risk Level: Medium
ID Card Number: T88Q-3920I76
Supplier Onboarding (Filled) - Review
Purpose: Example of a completed supplier onboarding record.
Reviewer: Procurement Ops
Comments: Documents verified; banking details pending validation.
Approval: Conditionally Approved
Notes: Activate vendor after bank verification.";yes;no;no;no;no;no;no;no;yes;no;no;no;no;id_card_number;1;hard;yes;no;train;Useful for testing ambiguous/OCR/context-heavy personal-data detection.
DOC-0303;supplier_onboarding_finding_0303.pdf;Supplier Onboarding;Shared Drive;Tom Nguyen;tom.nguyen@bosch.example;2025-07-04;2026-06-08;3,23;"Supplier Onboarding (Filled)
Purpose: Example of a completed supplier onboarding record.
Company: Nordic Components GmbH
Address: Hauptstr. 12, 70173 Stuttgart
Contact: procurement@nordic-components.example
Tax ID: DE123456789
Certification: ISO 9001
Risk Level: Medium
Driver's License Number: K-1182-3309-72
Supplier Onboarding (Filled) - Review
Purpose: Example of a completed supplier onboarding record.
Reviewer: Procurement Ops
Comments: Documents verified; banking details pending validation.
Approval: Conditionally Approved
Notes: Activate vendor after bank verification.";yes;no;no;no;no;no;no;no;yes;no;no;no;no;drivers_license_number;1;medium;yes;no;train;Useful for testing ambiguous/OCR/context-heavy personal-data detection.
DOC-0304;supplier_onboarding_finding_0304.pdf;Supplier Onboarding;HR Archive;Lukas Weber;lukas.weber@bosch.example;2025-08-10;2026-07-28;6,01;"Supplier Onboarding (Filled)
Purpose: Example of a completed supplier onboarding record.
Company: Nordic Components GmbH
Address: Hauptstr. 12, 70173 Stuttgart
Contact: nina.beck@bosch.example
Tax ID: DE123456789
Certification: ISO 9001
Risk Level: Medium
Additional Person Reference: Nina Beck
Email: nina.beck@bosch.example
Health / Accommodation Note: asked for ergonomic seating due to recurring back pain
Supplier Onboarding (Filled) - Review
Purpose: Example of a completed supplier onboarding record.
Reviewer: Procurement Ops
Comments: Documents verified; banking details pending validation.
Approval: Conditionally Approved
Notes: Activate vendor after bank verification.";yes;yes;yes;no;no;no;no;no;no;no;no;no;no;"first_name; last_name; email_address; health_data";4;hard;yes;no;train;Useful for testing ambiguous/OCR/context-heavy personal-data detection.
DOC-0305;supplier_onboarding_finding_0305.pdf;Supplier Onboarding;OneDrive;Maria Schmidt;maria.schmidt@bosch.example;2025-09-16;2026-09-16;4,45;"Supplier Onboarding (Filled)
Purpose: Example of a completed supplier onboarding record.
Company: Alpine Services AG
Address: Industriestr. 8, 80331 München
Contact: maria.schmidt@bosch.example
Tax ID: DE987654321
Certification: ISO 27001
Risk Level: Low
Additional Person Reference: Maria Schmidt
Email: maria.schmidt@bosch.example
Phone: +49 151 2345 7821
Supplier Onboarding (Filled) - Review
Purpose: Example of a completed supplier onboarding record.
Reviewer: Vendor Management
Comments: All compliance checks passed.
Approval: Approved
Notes: Eligible for standard payment terms.";yes;yes;yes;yes;no;no;no;no;no;no;no;no;no;"first_name; last_name; email_address; phone_number";4;easy;no;no;train;Straightforward labeled personal-data example.
DOC-0306;supplier_onboarding_finding_0306.pdf;Supplier Onboarding;Teams Export;Jonas Fischer;jonas.fischer@bosch.example;2025-10-23;2026-11-05;5,46;"Supplier Onboarding (Filled)
Purpose: Example of a completed supplier onboarding record.
Company: Nordic Components GmbH
Address: Hauptstr. 12, 70173 Stuttgart
Contact: elena.fischer@bosch.example
Tax ID: DE123456789
Certification: ISO 9001
Risk Level: Medium
Login Name: efischer08
Email: elena.fischer@bosch.example
Last Login IP: 192.168.12.34
User Record URL: https://grc.example/access/elena-fischer
Supplier Onboarding (Filled) - Review
Purpose: Example of a completed supplier onboarding record.
Reviewer: Procurement Ops
Comments: Documents verified; banking details pending validation.
Approval: Conditionally Approved
Notes: Activate vendor after bank verification.";yes;no;yes;no;no;no;no;no;no;no;yes;yes;no;"username_login; email_address; ip_address; url";4;easy;no;no;train;Straightforward labeled personal-data example.
DOC-0307;supplier_onboarding_finding_0307.pdf;Supplier Onboarding;Shared Drive;Max Wagner;max.wagner@bosch.example;2025-11-29;2026-12-25;3,59;"Supplier Onboarding (Filled)
Purpose: Example of a completed supplier onboarding record.
Company: Nordic Components GmbH
Address: Hauptstr. 12, 70173 Stuttgart
Contact: procurement@nordic-components.example
Tax ID: DE123456789
Certification: ISO 9001
Risk Level: Medium
Additional Person Reference: Jonas Keller
Home Address: Bachweg 6, 50667 Cologne, Germany
Supplier Onboarding (Filled) - Review
Purpose: Example of a completed supplier onboarding record.
Reviewer: Procurement Ops
Comments: Documents verified; banking details pending validation.
Approval: Conditionally Approved
Notes: Activate vendor after bank verification.";yes;yes;no;no;yes;no;no;no;no;no;no;no;no;"first_name; last_name; home_address";3;easy;no;no;train;Straightforward labeled personal-data example.
DOC-0308;supplier_onboarding_finding_0308.pdf;Supplier Onboarding;SharePoint;Jonas Fischer;jonas.fischer@bosch.example;2026-01-05;2027-02-13;8,56;"Supplier Onboarding (Filled)
Purpose: Example of a completed supplier onboarding record.
Company: Nordic Components GmbH
Address: Hauptstr. 12, 70173 Stuttgart
Contact: procurement@nordic-components.example
Tax ID: DE123456789
Certification: ISO 9001
Risk Level: Medium
Additional Person Reference: Nina Beck
Passport Number: R9V118205
Supplier Onboarding (Filled) - Review
Purpose: Example of a completed supplier onboarding record.
Reviewer: Procurement Ops
Comments: Documents verified; banking details pending validation.
Approval: Conditionally Approved
Notes: Activate vendor after bank verification.";yes;yes;no;no;no;no;no;yes;no;no;no;no;no;"passport_number; first_name; last_name";3;easy;no;no;train;Straightforward labeled personal-data example.
DOC-0309;supplier_onboarding_finding_0309.pdf;Supplier Onboarding;Teams Export;Jonas Fischer;jonas.fischer@bosch.example;2026-02-11;2027-04-04;5,83;"Supplier Onboarding (Filled)
Purpose: Example of a completed supplier onboarding record.
Company: Alpine Services AG
Address: Industriestr. 8, 80331 München
Contact: vendor@alpine-services.example
Tax ID: DE987654321
Certification: ISO 27001
Risk Level: Low
Additional Person Reference: Maria Schmidt
ID Card Number: L01X-8842197
Supplier Onboarding (Filled) - Review
Purpose: Example of a completed supplier onboarding record.
Reviewer: Vendor Management
Comments: All compliance checks passed.
Approval: Approved
Notes: Eligible for standard payment terms.";yes;yes;no;no;no;no;no;no;yes;no;no;no;no;"id_card_number; first_name; last_name";3;medium;yes;no;train;Useful for testing ambiguous/OCR/context-heavy personal-data detection.
DOC-0310;supplier_onboarding_finding_0310.pdf;Supplier Onboarding;HR Archive;Sofia Hartmann;sofia.hartmann@bosch.example;2026-03-20;2027-05-24;8,47;"Supplier Onboarding (Filled)
Purpose: Example of a completed supplier onboarding record.
Company: Alpine Services AG
Address: Industriestr. 8, 80331 München
Contact: vendor@alpine-services.example
Tax ID: DE987654321
Certification: ISO 27001
Risk Level: Low
Additional Person Reference: Elena Fischer
Driver's License Number: F-4409-1182-21
Supplier Onboarding (Filled) - Review
Purpose: Example of a completed supplier onboarding record.
Reviewer: Vendor Management
Comments: All compliance checks passed.
Approval: Approved
Notes: Eligible for standard payment terms.";yes;yes;no;no;no;no;no;no;yes;no;no;no;no;"drivers_license_number; first_name; last_name";3;easy;no;no;train;Straightforward labeled personal-data example.
DOC-0311;supplier_onboarding_finding_0311.pdf;Supplier Onboarding;SharePoint;Priya Nair;priya.nair@bosch.example;2020-01-08;2021-03-26;4,08;"Supplier Onboarding (Filled)
Purpose: Example of a completed supplier onboarding record.
Company: Nordic Components GmbH
Address: Hauptstr. 12, 70173 Stuttgart
Contact: procurement@nordic-components.example
Tax ID: DE123456789
Certification: ISO 9001
Risk Level: Medium
Additional Person Reference: Jonas Keller
Travel History: Bangalore on 2022-09-03, Pune on 2022-09-07, and Chennai on 2022-09-09
Supplier Onboarding (Filled) - Review
Purpose: Example of a completed supplier onboarding record.
Reviewer: Procurement Ops
Comments: Documents verified; banking details pending validation.
Approval: Conditionally Approved
Notes: Activate vendor after bank verification.";yes;yes;no;no;yes;no;no;no;no;yes;no;no;no;"travel_history; first_name; last_name";3;medium;yes;yes;train;Useful for testing ambiguous/OCR/context-heavy personal-data detection.
DOC-0312;supplier_onboarding_finding_0312.pdf;Supplier Onboarding;Teams Export;Lukas Weber;lukas.weber@bosch.example;2020-02-14;2021-05-15;1,74;"Supplier Onboarding (Filled)
Purpose: Example of a completed supplier onboarding record.
Company: Alpine Services AG
Address: Industriestr. 8, 80331 München
Contact: vendor@alpine-services.example
Tax ID: DE987654321
Certification: ISO 27001
Risk Level: Low
Phone: +49 172 3310 5519
Billing / Shipping Address: Am Markt 5, 01067 Dresden, Germany
IBAN: DE02 1000 0000 0123 4567 89
Corporate Credit Card: 3782 822463 10005
Supplier Onboarding (Filled) - Review
Purpose: Example of a completed supplier onboarding record.
Reviewer: Vendor Management
Comments: All compliance checks passed.
Approval: Approved
Notes: Eligible for standard payment terms.";yes;no;no;yes;yes;yes;yes;no;no;no;no;no;no;"billing_shipping_address; phone_number; bank_account; credit_card";4;easy;no;yes;train;Straightforward labeled personal-data example.
DOC-0313;supplier_onboarding_clean_0313.pdf;Supplier Onboarding;HR Archive;Noah Becker;noah.becker@bosch.example;2020-03-22;2021-07-04;2,7;"Supplier Onboarding (Filled)
Purpose: Example of a completed supplier onboarding record.
Company: Nordic Components GmbH
Address: Hauptstr. 12, 70173 Stuttgart
Contact: procurement@nordic-components.example
Tax ID: DE123456789
Certification: ISO 9001
Risk Level: Medium
Supplier Onboarding (Filled) - Review
Purpose: Example of a completed supplier onboarding record.
Reviewer: Procurement Ops
Comments: Documents verified; banking details pending validation.
Approval: Conditionally Approved
Notes: Activate vendor after bank verification.
Notes: Blank template fields remain underscores only, matching the unfilled PDF examples.";no;no;no;no;no;no;no;no;no;no;no;no;no;;0;easy;no;yes;train;Clean negative sample.
DOC-0314;supplier_onboarding_clean_0314.pdf;Supplier Onboarding;HR Archive;Noah Becker;noah.becker@bosch.example;2020-04-28;2021-08-23;7,12;"Supplier Onboarding (Filled)
Purpose: Example of a completed supplier onboarding record.
Company: Alpine Services AG
Address: Industriestr. 8, 80331 München
Contact: vendor@alpine-services.example
Tax ID: DE987654321
Certification: ISO 27001
Risk Level: Low
Supplier Onboarding (Filled) - Review
Purpose: Example of a completed supplier onboarding record.
Reviewer: Vendor Management
Comments: All compliance checks passed.
Approval: Approved
Notes: Eligible for standard payment terms.
Notes: Department aggregate only; no named participant, employee, manager, reviewer, or contact person is included.";no;no;no;no;no;no;no;no;no;no;no;no;no;;0;easy;no;yes;train;Clean negative sample.
DOC-0315;supplier_onboarding_clean_0315.pdf;Supplier Onboarding;OneDrive;Lukas Weber;lukas.weber@bosch.example;2020-06-04;2021-10-12;2,29;"Supplier Onboarding
Purpose: Setup supplier.
Company: ______
Contact: ______
Tax ID: ______
Supplier Onboarding
Purpose: Setup supplier.
Review: ______
Approval: ______
Notes: ______
Notes: Supplier company contact is a generic mailbox and business address, not an individual person's details.";no;no;no;no;no;no;no;no;no;no;no;no;no;;0;easy;no;yes;train;Clean negative sample.
DOC-0316;supplier_onboarding_clean_0316.pdf;Supplier Onboarding;Shared Drive;Maria Schmidt;maria.schmidt@bosch.example;2020-07-11;2021-12-01;5,72;"Supplier Onboarding
Purpose: Setup supplier.
Company: ______
Contact: ______
Tax ID: ______
Supplier Onboarding
Purpose: Setup supplier.
Review: ______
Approval: ______
Notes: ______
Notes: Role-based labels only, such as Team Lead, Facility Coordinator, Procurement Ops, or IT Service Desk.";no;no;no;no;no;no;no;no;no;no;no;no;no;;0;easy;no;yes;train;Clean negative sample.
DOC-0317;supplier_onboarding_clean_0317.pdf;Supplier Onboarding;OneDrive;Maria Schmidt;maria.schmidt@bosch.example;2020-08-17;2022-01-20;2,66;"Supplier Onboarding (Filled)
Purpose: Example of a completed supplier onboarding record.
Company: Alpine Services AG
Address: Industriestr. 8, 80331 München
Contact: vendor@alpine-services.example
Tax ID: DE987654321
Certification: ISO 27001
Risk Level: Low
Supplier Onboarding (Filled) - Review
Purpose: Example of a completed supplier onboarding record.
Reviewer: Vendor Management
Comments: All compliance checks passed.
Approval: Approved
Notes: Eligible for standard payment terms.
Notes: Comments mention 'healthy process' and 'sick pipeline' as metaphors, not health information.";no;no;no;no;no;no;no;no;no;no;no;no;no;;0;hard;yes;yes;train;Negative edge case: looks sensitive but should be no personal data.
DOC-0318;supplier_onboarding_clean_0318.pdf;Supplier Onboarding;Shared Drive;Anna Keller;anna.keller@bosch.example;2020-09-23;2022-03-11;4,35;"Supplier Onboarding (Filled)
Purpose: Example of a completed supplier onboarding record.
Company: Nordic Components GmbH
Address: Hauptstr. 12, 70173 Stuttgart
Contact: procurement@nordic-components.example
Tax ID: DE123456789
Certification: ISO 9001
Risk Level: Medium
Supplier Onboarding (Filled) - Review
Purpose: Example of a completed supplier onboarding record.
Reviewer: Procurement Ops
Comments: Documents verified; banking details pending validation.
Approval: Conditionally Approved
Notes: Activate vendor after bank verification.
Notes: Training results are aggregated by course and do not contain individual comments from a participant.";no;no;no;no;no;no;no;no;no;no;no;no;no;;0;easy;no;yes;train;Clean negative sample.
DOC-0319;supplier_onboarding_clean_0319.pdf;Supplier Onboarding;SharePoint;Anna Keller;anna.keller@bosch.example;2020-10-30;2022-04-30;2,89;"Supplier Onboarding
Purpose: Setup supplier.
Company: ______
Contact: ______
Tax ID: ______
Supplier Onboarding
Purpose: Setup supplier.
Review: ______
Approval: ______
Notes: ______
Notes: Blank template fields remain underscores only, matching the unfilled PDF examples.";no;no;no;no;no;no;no;no;no;no;no;no;no;;0;easy;no;yes;train;Clean negative sample.
DOC-0320;supplier_onboarding_clean_0320.pdf;Supplier Onboarding;SharePoint;Lukas Weber;lukas.weber@bosch.example;2020-12-06;2022-06-19;4,23;"Supplier Onboarding (Filled)
Purpose: Example of a completed supplier onboarding record.
Company: Nordic Components GmbH
Address: Hauptstr. 12, 70173 Stuttgart
Contact: procurement@nordic-components.example
Tax ID: DE123456789
Certification: ISO 9001
Risk Level: Medium
Supplier Onboarding (Filled) - Review
Purpose: Example of a completed supplier onboarding record.
Reviewer: Procurement Ops
Comments: Documents verified; banking details pending validation.
Approval: Conditionally Approved
Notes: Activate vendor after bank verification.
Notes: Supplier company contact is a generic mailbox and business address, not an individual person's details.";no;no;no;no;no;no;no;no;no;no;no;no;no;;0;easy;no;yes;train;Clean negative sample.
DOC-0321;supplier_onboarding_clean_0321.pdf;Supplier Onboarding;HR Archive;Anna Keller;anna.keller@bosch.example;2021-01-12;2022-08-08;3,2;"Supplier Onboarding
Purpose: Setup supplier.
Company: ______
Contact: ______
Tax ID: ______
Supplier Onboarding
Purpose: Setup supplier.
Review: ______
Approval: ______
Notes: ______
Notes: Training results are aggregated by course and do not contain individual comments from a participant.";no;no;no;no;no;no;no;no;no;no;no;no;no;;0;easy;no;yes;train;Clean negative sample.
DOC-0322;supplier_onboarding_clean_0322.pdf;Supplier Onboarding;Teams Export;Max Wagner;max.wagner@bosch.example;2021-02-18;2022-09-27;8,1;"Supplier Onboarding (Filled)
Purpose: Example of a completed supplier onboarding record.
Company: Alpine Services AG
Address: Industriestr. 8, 80331 München
Contact: vendor@alpine-services.example
Tax ID: DE987654321
Certification: ISO 27001
Risk Level: Low
Supplier Onboarding (Filled) - Review
Purpose: Example of a completed supplier onboarding record.
Reviewer: Vendor Management
Comments: All compliance checks passed.
Approval: Approved
Notes: Eligible for standard payment terms.
Notes: Supplier company contact is a generic mailbox and business address, not an individual person's details.";no;no;no;no;no;no;no;no;no;no;no;no;no;;0;easy;no;yes;train;Clean negative sample.
DOC-0323;supplier_onboarding_clean_0323.pdf;Supplier Onboarding;OneDrive;Anna Keller;anna.keller@bosch.example;2021-03-27;2022-11-16;7,48;"Supplier Onboarding (Filled)
Purpose: Example of a completed supplier onboarding record.
Company: Alpine Services AG
Address: Industriestr. 8, 80331 München
Contact: vendor@alpine-services.example
Tax ID: DE987654321
Certification: ISO 27001
Risk Level: Low
Supplier Onboarding (Filled) - Review
Purpose: Example of a completed supplier onboarding record.
Reviewer: Vendor Management
Comments: All compliance checks passed.
Approval: Approved
Notes: Eligible for standard payment terms.
Notes: Department aggregate only; no named participant, employee, manager, reviewer, or contact person is included.";no;no;no;no;no;no;no;no;no;no;no;no;no;;0;easy;no;yes;train;Clean negative sample.
DOC-0324;supplier_onboarding_clean_0324.pdf;Supplier Onboarding;SharePoint;Max Wagner;max.wagner@bosch.example;2021-05-03;2023-01-05;0,77;"Supplier Onboarding (Filled)
Purpose: Example of a completed supplier onboarding record.
Company: Alpine Services AG
Address: Industriestr. 8, 80331 München
Contact: vendor@alpine-services.example
Tax ID: DE987654321
Certification: ISO 27001
Risk Level: Low
Supplier Onboarding (Filled) - Review
Purpose: Example of a completed supplier onboarding record.
Reviewer: Vendor Management
Comments: All compliance checks passed.
Approval: Approved
Notes: Eligible for standard payment terms.
Notes: Supplier company contact is a generic mailbox and business address, not an individual person's details.";no;no;no;no;no;no;no;no;no;no;no;no;no;;0;easy;no;yes;train;Clean negative sample.
DOC-0325;supplier_onboarding_clean_0325.pdf;Supplier Onboarding;HR Archive;Jonas Fischer;jonas.fischer@bosch.example;2021-06-09;2023-02-24;6,85;"Supplier Onboarding (Filled)
Purpose: Example of a completed supplier onboarding record.
Company: Nordic Components GmbH
Address: Hauptstr. 12, 70173 Stuttgart
Contact: procurement@nordic-components.example
Tax ID: DE123456789
Certification: ISO 9001
Risk Level: Medium
Supplier Onboarding (Filled) - Review
Purpose: Example of a completed supplier onboarding record.
Reviewer: Procurement Ops
Comments: Documents verified; banking details pending validation.
Approval: Conditionally Approved
Notes: Activate vendor after bank verification.
Notes: Department aggregate only; no named participant, employee, manager, reviewer, or contact person is included.";no;no;no;no;no;no;no;no;no;no;no;no;no;;0;easy;no;yes;train;Clean negative sample.
DOC-0326;supplier_onboarding_clean_0326.pdf;Supplier Onboarding;OneDrive;Jonas Fischer;jonas.fischer@bosch.example;2021-07-16;2023-04-15;6,19;"Supplier Onboarding
Purpose: Setup supplier.
Company: ______
Contact: ______
Tax ID: ______
Supplier Onboarding
Purpose: Setup supplier.
Review: ______
Approval: ______
Notes: ______
Notes: Training results are aggregated by course and do not contain individual comments from a participant.";no;no;no;no;no;no;no;no;no;no;no;no;no;;0;easy;no;yes;train;Clean negative sample.
DOC-0327;supplier_onboarding_clean_0327.pdf;Supplier Onboarding;Shared Drive;Elena Hoffmann;elena.hoffmann@bosch.example;2021-08-22;2023-06-04;5,01;"Supplier Onboarding (Filled)
Purpose: Example of a completed supplier onboarding record.
Company: Alpine Services AG
Address: Industriestr. 8, 80331 München
Contact: vendor@alpine-services.example
Tax ID: DE987654321
Certification: ISO 27001
Risk Level: Low
Supplier Onboarding (Filled) - Review
Purpose: Example of a completed supplier onboarding record.
Reviewer: Vendor Management
Comments: All compliance checks passed.
Approval: Approved
Notes: Eligible for standard payment terms.
Notes: Department aggregate only; no named participant, employee, manager, reviewer, or contact person is included.";no;no;no;no;no;no;no;no;no;no;no;no;no;;0;easy;no;no;train;Clean negative sample.
DOC-0328;supplier_onboarding_clean_0328.pdf;Supplier Onboarding;Teams Export;Maria Schmidt;maria.schmidt@bosch.example;2021-09-28;2023-07-24;7,47;"Supplier Onboarding (Filled)
Purpose: Example of a completed supplier onboarding record.
Company: Nordic Components GmbH
Address: Hauptstr. 12, 70173 Stuttgart
Contact: procurement@nordic-components.example
Tax ID: DE123456789
Certification: ISO 9001
Risk Level: Medium
Supplier Onboarding (Filled) - Review
Purpose: Example of a completed supplier onboarding record.
Reviewer: Procurement Ops
Comments: Documents verified; banking details pending validation.
Approval: Conditionally Approved
Notes: Activate vendor after bank verification.
Notes: Blank template fields remain underscores only, matching the unfilled PDF examples.";no;no;no;no;no;no;no;no;no;no;no;no;no;;0;easy;no;no;train;Clean negative sample.
DOC-0329;supplier_onboarding_clean_0329.pdf;Supplier Onboarding;HR Archive;Priya Nair;priya.nair@bosch.example;2021-11-04;2023-09-12;2,11;"Supplier Onboarding (Filled)
Purpose: Example of a completed supplier onboarding record.
Company: Nordic Components GmbH
Address: Hauptstr. 12, 70173 Stuttgart
Contact: procurement@nordic-components.example
Tax ID: DE123456789
Certification: ISO 9001
Risk Level: Medium
Supplier Onboarding (Filled) - Review
Purpose: Example of a completed supplier onboarding record.
Reviewer: Procurement Ops
Comments: Documents verified; banking details pending validation.
Approval: Conditionally Approved
Notes: Activate vendor after bank verification.
Notes: Department aggregate only; no named participant, employee, manager, reviewer, or contact person is included.";no;no;no;no;no;no;no;no;no;no;no;no;no;;0;easy;no;no;train;Clean negative sample.
DOC-0330;supplier_onboarding_clean_0330.pdf;Supplier Onboarding;HR Archive;Lukas Weber;lukas.weber@bosch.example;2021-12-11;2023-11-01;5,38;"Supplier Onboarding (Filled)
Purpose: Example of a completed supplier onboarding record.
Company: Alpine Services AG
Address: Industriestr. 8, 80331 München
Contact: vendor@alpine-services.example
Tax ID: DE987654321
Certification: ISO 27001
Risk Level: Low
Supplier Onboarding (Filled) - Review
Purpose: Example of a completed supplier onboarding record.
Reviewer: Vendor Management
Comments: All compliance checks passed.
Approval: Approved
Notes: Eligible for standard payment terms.
Notes: Department aggregate only; no named participant, employee, manager, reviewer, or contact person is included.";no;no;no;no;no;no;no;no;no;no;no;no;no;;0;easy;no;no;train;Clean negative sample.
DOC-0331;supplier_onboarding_clean_0331.pdf;Supplier Onboarding;OneDrive;Noah Becker;noah.becker@bosch.example;2022-01-17;2023-12-21;7,54;"Supplier Onboarding (Filled)
Purpose: Example of a completed supplier onboarding record.
Company: Nordic Components GmbH
Address: Hauptstr. 12, 70173 Stuttgart
Contact: procurement@nordic-components.example
Tax ID: DE123456789
Certification: ISO 9001
Risk Level: Medium
Supplier Onboarding (Filled) - Review
Purpose: Example of a completed supplier onboarding record.
Reviewer: Procurement Ops
Comments: Documents verified; banking details pending validation.
Approval: Conditionally Approved
Notes: Activate vendor after bank verification.
Notes: Department aggregate only; no named participant, employee, manager, reviewer, or contact person is included.";no;no;no;no;no;no;no;no;no;no;no;no;no;;0;easy;no;no;train;Clean negative sample.
DOC-0332;supplier_onboarding_clean_0332.pdf;Supplier Onboarding;HR Archive;Priya Nair;priya.nair@bosch.example;2022-02-23;2024-02-09;3,27;"Supplier Onboarding (Filled)
Purpose: Example of a completed supplier onboarding record.
Company: Alpine Services AG
Address: Industriestr. 8, 80331 München
Contact: vendor@alpine-services.example
Tax ID: DE987654321
Certification: ISO 27001
Risk Level: Low
Supplier Onboarding (Filled) - Review
Purpose: Example of a completed supplier onboarding record.
Reviewer: Vendor Management
Comments: All compliance checks passed.
Approval: Approved
Notes: Eligible for standard payment terms.
Notes: Role-based labels only, such as Team Lead, Facility Coordinator, Procurement Ops, or IT Service Desk.";no;no;no;no;no;no;no;no;no;no;no;no;no;;0;easy;no;no;train;Clean negative sample.
DOC-0333;supplier_onboarding_clean_0333.pdf;Supplier Onboarding;Shared Drive;Noah Becker;noah.becker@bosch.example;2022-04-01;2024-03-30;5,46;"Supplier Onboarding
Purpose: Setup supplier.
Company: ______
Contact: ______
Tax ID: ______
Supplier Onboarding
Purpose: Setup supplier.
Review: ______
Approval: ______
Notes: ______
Notes: Role-based labels only, such as Team Lead, Facility Coordinator, Procurement Ops, or IT Service Desk.";no;no;no;no;no;no;no;no;no;no;no;no;no;;0;easy;no;no;train;Clean negative sample.
DOC-0334;supplier_onboarding_clean_0334.pdf;Supplier Onboarding;OneDrive;Noah Becker;noah.becker@bosch.example;2022-05-08;2024-05-19;5,6;"Supplier Onboarding (Filled)
Purpose: Example of a completed supplier onboarding record.
Company: Nordic Components GmbH
Address: Hauptstr. 12, 70173 Stuttgart
Contact: procurement@nordic-components.example
Tax ID: DE123456789
Certification: ISO 9001
Risk Level: Medium
Supplier Onboarding (Filled) - Review
Purpose: Example of a completed supplier onboarding record.
Reviewer: Procurement Ops
Comments: Documents verified; banking details pending validation.
Approval: Conditionally Approved
Notes: Activate vendor after bank verification.
Notes: Contact is procurement@example-supplier.test, a generic functional mailbox rather than a person's email.";no;no;no;no;no;no;no;no;no;no;no;no;no;;0;hard;yes;no;train;Negative edge case: looks sensitive but should be no personal data.
DOC-0335;supplier_onboarding_clean_0335.pdf;Supplier Onboarding;OneDrive;Jonas Fischer;jonas.fischer@bosch.example;2022-06-14;2024-07-08;5,5;"Supplier Onboarding (Filled)
Purpose: Example of a completed supplier onboarding record.
Company: Nordic Components GmbH
Address: Hauptstr. 12, 70173 Stuttgart
Contact: procurement@nordic-components.example
Tax ID: DE123456789
Certification: ISO 9001
Risk Level: Medium
Supplier Onboarding (Filled) - Review
Purpose: Example of a completed supplier onboarding record.
Reviewer: Procurement Ops
Comments: Documents verified; banking details pending validation.
Approval: Conditionally Approved
Notes: Activate vendor after bank verification.
Notes: Supplier company contact is a generic mailbox and business address, not an individual person's details.";no;no;no;no;no;no;no;no;no;no;no;no;no;;0;easy;no;no;train;Clean negative sample.
DOC-0336;supplier_onboarding_clean_0336.pdf;Supplier Onboarding;OneDrive;Tom Nguyen;tom.nguyen@bosch.example;2022-07-21;2024-08-27;5,89;"Supplier Onboarding (Filled)
Purpose: Example of a completed supplier onboarding record.
Company: Nordic Components GmbH
Address: Hauptstr. 12, 70173 Stuttgart
Contact: procurement@nordic-components.example
Tax ID: DE123456789
Certification: ISO 9001
Risk Level: Medium
Supplier Onboarding (Filled) - Review
Purpose: Example of a completed supplier onboarding record.
Reviewer: Procurement Ops
Comments: Documents verified; banking details pending validation.
Approval: Conditionally Approved
Notes: Activate vendor after bank verification.
Notes: Supplier company contact is a generic mailbox and business address, not an individual person's details.";no;no;no;no;no;no;no;no;no;no;no;no;no;;0;easy;no;no;train;Clean negative sample.
DOC-0337;supplier_onboarding_clean_0337.pdf;Supplier Onboarding;OneDrive;Tom Nguyen;tom.nguyen@bosch.example;2022-08-27;2024-10-16;3,46;"Supplier Onboarding (Filled)
Purpose: Example of a completed supplier onboarding record.
Company: Alpine Services AG
Address: Industriestr. 8, 80331 München
Contact: vendor@alpine-services.example
Tax ID: DE987654321
Certification: ISO 27001
Risk Level: Low
Supplier Onboarding (Filled) - Review
Purpose: Example of a completed supplier onboarding record.
Reviewer: Vendor Management
Comments: All compliance checks passed.
Approval: Approved
Notes: Eligible for standard payment terms.
Notes: Department aggregate only; no named participant, employee, manager, reviewer, or contact person is included.";no;no;no;no;no;no;no;no;no;no;no;no;no;;0;easy;no;no;train;Clean negative sample.
DOC-0338;supplier_onboarding_clean_0338.pdf;Supplier Onboarding;Shared Drive;Sofia Hartmann;sofia.hartmann@bosch.example;2022-10-03;2024-12-05;3,06;"Supplier Onboarding (Filled)
Purpose: Example of a completed supplier onboarding record.
Company: Alpine Services AG
Address: Industriestr. 8, 80331 München
Contact: vendor@alpine-services.example
Tax ID: DE987654321
Certification: ISO 27001
Risk Level: Low
Supplier Onboarding (Filled) - Review
Purpose: Example of a completed supplier onboarding record.
Reviewer: Vendor Management
Comments: All compliance checks passed.
Approval: Approved
Notes: Eligible for standard payment terms.
Notes: Role-based labels only, such as Team Lead, Facility Coordinator, Procurement Ops, or IT Service Desk.";no;no;no;no;no;no;no;no;no;no;no;no;no;;0;easy;no;no;train;Clean negative sample.
DOC-0339;supplier_onboarding_clean_0339.pdf;Supplier Onboarding;Shared Drive;Tom Nguyen;tom.nguyen@bosch.example;2022-11-09;2025-01-24;5,17;"Supplier Onboarding (Filled)
Purpose: Example of a completed supplier onboarding record.
Company: Alpine Services AG
Address: Industriestr. 8, 80331 München
Contact: vendor@alpine-services.example
Tax ID: DE987654321
Certification: ISO 27001
Risk Level: Low
Supplier Onboarding (Filled) - Review
Purpose: Example of a completed supplier onboarding record.
Reviewer: Vendor Management
Comments: All compliance checks passed.
Approval: Approved
Notes: Eligible for standard payment terms.
Notes: Blank template fields remain underscores only, matching the unfilled PDF examples.";no;no;no;no;no;no;no;no;no;no;no;no;no;;0;easy;no;no;train;Clean negative sample.
DOC-0340;supplier_onboarding_clean_0340.pdf;Supplier Onboarding;SharePoint;Anna Keller;anna.keller@bosch.example;2022-12-16;2025-03-15;8,66;"Supplier Onboarding
Purpose: Setup supplier.
Company: ______
Contact: ______
Tax ID: ______
Supplier Onboarding
Purpose: Setup supplier.
Review: ______
Approval: ______
Notes: ______
Notes: Blank template fields remain underscores only, matching the unfilled PDF examples.";no;no;no;no;no;no;no;no;no;no;no;no;no;;0;easy;no;no;train;Clean negative sample.
DOC-0341;supplier_onboarding_clean_0341.pdf;Supplier Onboarding;Shared Drive;Noah Becker;noah.becker@bosch.example;2023-01-22;2025-05-04;5,88;"Supplier Onboarding
Purpose: Setup supplier.
Company: ______
Contact: ______
Tax ID: ______
Supplier Onboarding
Purpose: Setup supplier.
Review: ______
Approval: ______
Notes: ______
Notes: Supplier company contact is a generic mailbox and business address, not an individual person's details.";no;no;no;no;no;no;no;no;no;no;no;no;no;;0;easy;no;no;train;Clean negative sample.
DOC-0342;supplier_onboarding_clean_0342.pdf;Supplier Onboarding;Shared Drive;Tom Nguyen;tom.nguyen@bosch.example;2023-02-28;2025-06-23;7,6;"Supplier Onboarding
Purpose: Setup supplier.
Company: ______
Contact: ______
Tax ID: ______
Supplier Onboarding
Purpose: Setup supplier.
Review: ______
Approval: ______
Notes: ______
Notes: Training results are aggregated by course and do not contain individual comments from a participant.";no;no;no;no;no;no;no;no;no;no;no;no;no;;0;easy;no;no;train;Clean negative sample.
DOC-0343;supplier_onboarding_clean_0343.pdf;Supplier Onboarding;SharePoint;Elena Hoffmann;elena.hoffmann@bosch.example;2023-04-06;2025-08-12;1,7;"Supplier Onboarding (Filled)
Purpose: Example of a completed supplier onboarding record.
Company: Nordic Components GmbH
Address: Hauptstr. 12, 70173 Stuttgart
Contact: procurement@nordic-components.example
Tax ID: DE123456789
Certification: ISO 9001
Risk Level: Medium
Supplier Onboarding (Filled) - Review
Purpose: Example of a completed supplier onboarding record.
Reviewer: Procurement Ops
Comments: Documents verified; banking details pending validation.
Approval: Conditionally Approved
Notes: Activate vendor after bank verification.
Notes: Training results are aggregated by course and do not contain individual comments from a participant.";no;no;no;no;no;no;no;no;no;no;no;no;no;;0;easy;no;no;train;Clean negative sample.
DOC-0344;supplier_onboarding_clean_0344.pdf;Supplier Onboarding;Teams Export;Noah Becker;noah.becker@bosch.example;2023-05-13;2025-10-01;5,41;"Supplier Onboarding (Filled)
Purpose: Example of a completed supplier onboarding record.
Company: Nordic Components GmbH
Address: Hauptstr. 12, 70173 Stuttgart
Contact: procurement@nordic-components.example
Tax ID: DE123456789
Certification: ISO 9001
Risk Level: Medium
Supplier Onboarding (Filled) - Review
Purpose: Example of a completed supplier onboarding record.
Reviewer: Procurement Ops
Comments: Documents verified; banking details pending validation.
Approval: Conditionally Approved
Notes: Activate vendor after bank verification.
Notes: Role-based labels only, such as Team Lead, Facility Coordinator, Procurement Ops, or IT Service Desk.";no;no;no;no;no;no;no;no;no;no;no;no;no;;0;easy;no;no;train;Clean negative sample.
DOC-0345;supplier_onboarding_clean_0345.pdf;Supplier Onboarding;Teams Export;Jonas Fischer;jonas.fischer@bosch.example;2023-06-19;2025-11-20;0,79;"Supplier Onboarding
Purpose: Setup supplier.
Company: ______
Contact: ______
Tax ID: ______
Supplier Onboarding
Purpose: Setup supplier.
Review: ______
Approval: ______
Notes: ______
Notes: Blank template fields remain underscores only, matching the unfilled PDF examples.";no;no;no;no;no;no;no;no;no;no;no;no;no;;0;easy;no;no;train;Clean negative sample.
DOC-0346;supplier_onboarding_clean_0346.pdf;Supplier Onboarding;SharePoint;Sofia Hartmann;sofia.hartmann@bosch.example;2023-07-26;2026-01-09;6,72;"Supplier Onboarding
Purpose: Setup supplier.
Company: ______
Contact: ______
Tax ID: ______
Supplier Onboarding
Purpose: Setup supplier.
Review: ______
Approval: ______
Notes: ______
Notes: Training results are aggregated by course and do not contain individual comments from a participant.";no;no;no;no;no;no;no;no;no;no;no;no;no;;0;easy;no;no;train;Clean negative sample.
DOC-0347;supplier_onboarding_clean_0347.pdf;Supplier Onboarding;HR Archive;Jonas Fischer;jonas.fischer@bosch.example;2023-09-01;2023-09-12;2,88;"Supplier Onboarding
Purpose: Setup supplier.
Company: ______
Contact: ______
Tax ID: ______
Supplier Onboarding
Purpose: Setup supplier.
Review: ______
Approval: ______
Notes: ______
Notes: Supplier company contact is a generic mailbox and business address, not an individual person's details.";no;no;no;no;no;no;no;no;no;no;no;no;no;;0;easy;no;no;train;Clean negative sample.
DOC-0348;supplier_onboarding_clean_0348.pdf;Supplier Onboarding;Teams Export;Noah Becker;noah.becker@bosch.example;2023-10-08;2023-11-01;5,17;"Supplier Onboarding (Filled)
Purpose: Example of a completed supplier onboarding record.
Company: Alpine Services AG
Address: Industriestr. 8, 80331 München
Contact: vendor@alpine-services.example
Tax ID: DE987654321
Certification: ISO 27001
Risk Level: Low
Supplier Onboarding (Filled) - Review
Purpose: Example of a completed supplier onboarding record.
Reviewer: Vendor Management
Comments: All compliance checks passed.
Approval: Approved
Notes: Eligible for standard payment terms.
Notes: Role-based labels only, such as Team Lead, Facility Coordinator, Procurement Ops, or IT Service Desk.";no;no;no;no;no;no;no;no;no;no;no;no;no;;0;easy;no;no;train;Clean negative sample.
DOC-0349;supplier_onboarding_clean_0349.pdf;Supplier Onboarding;HR Archive;Tom Nguyen;tom.nguyen@bosch.example;2023-11-14;2023-12-21;1,49;"Supplier Onboarding (Filled)
Purpose: Example of a completed supplier onboarding record.
Company: Alpine Services AG
Address: Industriestr. 8, 80331 München
Contact: vendor@alpine-services.example
Tax ID: DE987654321
Certification: ISO 27001
Risk Level: Low
Supplier Onboarding (Filled) - Review
Purpose: Example of a completed supplier onboarding record.
Reviewer: Vendor Management
Comments: All compliance checks passed.
Approval: Approved
Notes: Eligible for standard payment terms.
Notes: Training results are aggregated by course and do not contain individual comments from a participant.";no;no;no;no;no;no;no;no;no;no;no;no;no;;0;easy;no;no;train;Clean negative sample.
DOC-0350;supplier_onboarding_clean_0350.pdf;Supplier Onboarding;Teams Export;Sofia Hartmann;sofia.hartmann@bosch.example;2023-12-21;2024-02-09;0,45;"Supplier Onboarding
Purpose: Setup supplier.
Company: ______
Contact: ______
Tax ID: ______
Supplier Onboarding
Purpose: Setup supplier.
Review: ______
Approval: ______
Notes: ______
Notes: Blank template fields remain underscores only, matching the unfilled PDF examples.";no;no;no;no;no;no;no;no;no;no;no;no;no;;0;easy;no;no;train;Clean negative sample.
DOC-0351;supplier_onboarding_clean_0351.pdf;Supplier Onboarding;SharePoint;Lukas Weber;lukas.weber@bosch.example;2024-01-27;2024-03-30;7,16;"Supplier Onboarding (Filled)
Purpose: Example of a completed supplier onboarding record.
Company: Nordic Components GmbH
Address: Hauptstr. 12, 70173 Stuttgart
Contact: procurement@nordic-components.example
Tax ID: DE123456789
Certification: ISO 9001
Risk Level: Medium
Supplier Onboarding (Filled) - Review
Purpose: Example of a completed supplier onboarding record.
Reviewer: Procurement Ops
Comments: Documents verified; banking details pending validation.
Approval: Conditionally Approved
Notes: Activate vendor after bank verification.
Notes: Address is a supplier company location, not a home, billing, or shipping address for a person.";no;no;no;no;no;no;no;no;no;no;no;no;no;;0;hard;yes;no;train;Negative edge case: looks sensitive but should be no personal data.
DOC-0352;supplier_onboarding_clean_0352.pdf;Supplier Onboarding;Teams Export;Anna Keller;anna.keller@bosch.example;2024-03-04;2024-05-19;2,91;"Supplier Onboarding (Filled)
Purpose: Example of a completed supplier onboarding record.
Company: Nordic Components GmbH
Address: Hauptstr. 12, 70173 Stuttgart
Contact: procurement@nordic-components.example
Tax ID: DE123456789
Certification: ISO 9001
Risk Level: Medium
Supplier Onboarding (Filled) - Review
Purpose: Example of a completed supplier onboarding record.
Reviewer: Procurement Ops
Comments: Documents verified; banking details pending validation.
Approval: Conditionally Approved
Notes: Activate vendor after bank verification.
Notes: Blank template fields remain underscores only, matching the unfilled PDF examples.";no;no;no;no;no;no;no;no;no;no;no;no;no;;0;easy;no;no;train;Clean negative sample.
DOC-0353;supplier_onboarding_clean_0353.pdf;Supplier Onboarding;HR Archive;Anna Keller;anna.keller@bosch.example;2024-04-10;2024-07-08;4,91;"Supplier Onboarding (Filled)
Purpose: Example of a completed supplier onboarding record.
Company: Alpine Services AG
Address: Industriestr. 8, 80331 München
Contact: vendor@alpine-services.example
Tax ID: DE987654321
Certification: ISO 27001
Risk Level: Low
Supplier Onboarding (Filled) - Review
Purpose: Example of a completed supplier onboarding record.
Reviewer: Vendor Management
Comments: All compliance checks passed.
Approval: Approved
Notes: Eligible for standard payment terms.
Notes: Blank template fields remain underscores only, matching the unfilled PDF examples.";no;no;no;no;no;no;no;no;no;no;no;no;no;;0;easy;no;no;train;Clean negative sample.
DOC-0354;supplier_onboarding_clean_0354.pdf;Supplier Onboarding;OneDrive;Sofia Hartmann;sofia.hartmann@bosch.example;2024-05-17;2024-08-27;7,79;"Supplier Onboarding (Filled)
Purpose: Example of a completed supplier onboarding record.
Company: Nordic Components GmbH
Address: Hauptstr. 12, 70173 Stuttgart
Contact: procurement@nordic-components.example
Tax ID: DE123456789
Certification: ISO 9001
Risk Level: Medium
Supplier Onboarding (Filled) - Review
Purpose: Example of a completed supplier onboarding record.
Reviewer: Procurement Ops
Comments: Documents verified; banking details pending validation.
Approval: Conditionally Approved
Notes: Activate vendor after bank verification.
Notes: Department aggregate only; no named participant, employee, manager, reviewer, or contact person is included.";no;no;no;no;no;no;no;no;no;no;no;no;no;;0;easy;no;no;train;Clean negative sample.
DOC-0355;supplier_onboarding_clean_0355.pdf;Supplier Onboarding;HR Archive;Tom Nguyen;tom.nguyen@bosch.example;2024-06-23;2024-10-16;3,58;"Supplier Onboarding (Filled)
Purpose: Example of a completed supplier onboarding record.
Company: Nordic Components GmbH
Address: Hauptstr. 12, 70173 Stuttgart
Contact: procurement@nordic-components.example
Tax ID: DE123456789
Certification: ISO 9001
Risk Level: Medium
Supplier Onboarding (Filled) - Review
Purpose: Example of a completed supplier onboarding record.
Reviewer: Procurement Ops
Comments: Documents verified; banking details pending validation.
Approval: Conditionally Approved
Notes: Activate vendor after bank verification.
Notes: Supplier company contact is a generic mailbox and business address, not an individual person's details.";no;no;no;no;no;no;no;no;no;no;no;no;no;;0;easy;no;no;train;Clean negative sample.
DOC-0356;supplier_onboarding_clean_0356.pdf;Supplier Onboarding;Teams Export;Maria Schmidt;maria.schmidt@bosch.example;2024-07-30;2024-12-05;7,27;"Supplier Onboarding (Filled)
Purpose: Example of a completed supplier onboarding record.
Company: Nordic Components GmbH
Address: Hauptstr. 12, 70173 Stuttgart
Contact: procurement@nordic-components.example
Tax ID: DE123456789
Certification: ISO 9001
Risk Level: Medium
Supplier Onboarding (Filled) - Review
Purpose: Example of a completed supplier onboarding record.
Reviewer: Procurement Ops
Comments: Documents verified; banking details pending validation.
Approval: Conditionally Approved
Notes: Activate vendor after bank verification.
Notes: Blank template fields remain underscores only, matching the unfilled PDF examples.";no;no;no;no;no;no;no;no;no;no;no;no;no;;0;easy;no;no;train;Clean negative sample.
DOC-0357;supplier_onboarding_clean_0357.pdf;Supplier Onboarding;Shared Drive;Jonas Fischer;jonas.fischer@bosch.example;2024-09-05;2025-01-24;1,09;"Supplier Onboarding (Filled)
Purpose: Example of a completed supplier onboarding record.
Company: Nordic Components GmbH
Address: Hauptstr. 12, 70173 Stuttgart
Contact: procurement@nordic-components.example
Tax ID: DE123456789
Certification: ISO 9001
Risk Level: Medium
Supplier Onboarding (Filled) - Review
Purpose: Example of a completed supplier onboarding record.
Reviewer: Procurement Ops
Comments: Documents verified; banking details pending validation.
Approval: Conditionally Approved
Notes: Activate vendor after bank verification.
Notes: Role-based labels only, such as Team Lead, Facility Coordinator, Procurement Ops, or IT Service Desk.";no;no;no;no;no;no;no;no;no;no;no;no;no;;0;easy;no;no;train;Clean negative sample.
DOC-0358;supplier_onboarding_clean_0358.pdf;Supplier Onboarding;Teams Export;Priya Nair;priya.nair@bosch.example;2024-10-12;2025-03-15;5,66;"Supplier Onboarding (Filled)
Purpose: Example of a completed supplier onboarding record.
Company: Nordic Components GmbH
Address: Hauptstr. 12, 70173 Stuttgart
Contact: procurement@nordic-components.example
Tax ID: DE123456789
Certification: ISO 9001
Risk Level: Medium
Supplier Onboarding (Filled) - Review
Purpose: Example of a completed supplier onboarding record.
Reviewer: Procurement Ops
Comments: Documents verified; banking details pending validation.
Approval: Conditionally Approved
Notes: Activate vendor after bank verification.
Notes: Role-based labels only, such as Team Lead, Facility Coordinator, Procurement Ops, or IT Service Desk.";no;no;no;no;no;no;no;no;no;no;no;no;no;;0;easy;no;no;train;Clean negative sample.
DOC-0359;supplier_onboarding_clean_0359.pdf;Supplier Onboarding;SharePoint;Elena Hoffmann;elena.hoffmann@bosch.example;2024-11-18;2025-05-04;7,97;"Supplier Onboarding
Purpose: Setup supplier.
Company: ______
Contact: ______
Tax ID: ______
Supplier Onboarding
Purpose: Setup supplier.
Review: ______
Approval: ______
Notes: ______
Notes: Training results are aggregated by course and do not contain individual comments from a participant.";no;no;no;no;no;no;no;no;no;no;no;no;no;;0;easy;no;no;train;Clean negative sample.
DOC-0360;supplier_onboarding_clean_0360.pdf;Supplier Onboarding;SharePoint;Maria Schmidt;maria.schmidt@bosch.example;2024-12-25;2025-06-23;6,72;"Supplier Onboarding (Filled)
Purpose: Example of a completed supplier onboarding record.
Company: Nordic Components GmbH
Address: Hauptstr. 12, 70173 Stuttgart
Contact: procurement@nordic-components.example
Tax ID: DE123456789
Certification: ISO 9001
Risk Level: Medium
Supplier Onboarding (Filled) - Review
Purpose: Example of a completed supplier onboarding record.
Reviewer: Procurement Ops
Comments: Documents verified; banking details pending validation.
Approval: Conditionally Approved
Notes: Activate vendor after bank verification.
Notes: Blank template fields remain underscores only, matching the unfilled PDF examples.";no;no;no;no;no;no;no;no;no;no;no;no;no;;0;easy;no;no;train;Clean negative sample.
DOC-0361;supplier_onboarding_clean_0361.pdf;Supplier Onboarding;Teams Export;Priya Nair;priya.nair@bosch.example;2025-01-31;2025-08-12;6,49;"Supplier Onboarding (Filled)
Purpose: Example of a completed supplier onboarding record.
Company: Nordic Components GmbH
Address: Hauptstr. 12, 70173 Stuttgart
Contact: procurement@nordic-components.example
Tax ID: DE123456789
Certification: ISO 9001
Risk Level: Medium
Supplier Onboarding (Filled) - Review
Purpose: Example of a completed supplier onboarding record.
Reviewer: Procurement Ops
Comments: Documents verified; banking details pending validation.
Approval: Conditionally Approved
Notes: Activate vendor after bank verification.
Notes: Blank template fields remain underscores only, matching the unfilled PDF examples.";no;no;no;no;no;no;no;no;no;no;no;no;no;;0;easy;no;no;train;Clean negative sample.
DOC-0362;supplier_onboarding_clean_0362.pdf;Supplier Onboarding;OneDrive;Sofia Hartmann;sofia.hartmann@bosch.example;2025-03-09;2025-10-01;2,49;"Supplier Onboarding (Filled)
Purpose: Example of a completed supplier onboarding record.
Company: Nordic Components GmbH
Address: Hauptstr. 12, 70173 Stuttgart
Contact: procurement@nordic-components.example
Tax ID: DE123456789
Certification: ISO 9001
Risk Level: Medium
Supplier Onboarding (Filled) - Review
Purpose: Example of a completed supplier onboarding record.
Reviewer: Procurement Ops
Comments: Documents verified; banking details pending validation.
Approval: Conditionally Approved
Notes: Activate vendor after bank verification.
Notes: Department aggregate only; no named participant, employee, manager, reviewer, or contact person is included.";no;no;no;no;no;no;no;no;no;no;no;no;no;;0;easy;no;no;train;Clean negative sample.
DOC-0363;supplier_onboarding_clean_0363.pdf;Supplier Onboarding;SharePoint;Tom Nguyen;tom.nguyen@bosch.example;2025-04-15;2025-11-20;0,88;"Supplier Onboarding (Filled)
Purpose: Example of a completed supplier onboarding record.
Company: Alpine Services AG
Address: Industriestr. 8, 80331 München
Contact: vendor@alpine-services.example
Tax ID: DE987654321
Certification: ISO 27001
Risk Level: Low
Supplier Onboarding (Filled) - Review
Purpose: Example of a completed supplier onboarding record.
Reviewer: Vendor Management
Comments: All compliance checks passed.
Approval: Approved
Notes: Eligible for standard payment terms.
Notes: Training results are aggregated by course and do not contain individual comments from a participant.";no;no;no;no;no;no;no;no;no;no;no;no;no;;0;easy;no;no;train;Clean negative sample.
DOC-0364;supplier_onboarding_clean_0364.pdf;Supplier Onboarding;OneDrive;Sofia Hartmann;sofia.hartmann@bosch.example;2025-05-22;2026-01-09;5,57;"Supplier Onboarding
Purpose: Setup supplier.
Company: ______
Contact: ______
Tax ID: ______
Supplier Onboarding
Purpose: Setup supplier.
Review: ______
Approval: ______
Notes: ______
Notes: Training results are aggregated by course and do not contain individual comments from a participant.";no;no;no;no;no;no;no;no;no;no;no;no;no;;0;easy;no;no;train;Clean negative sample.
DOC-0365;supplier_onboarding_clean_0365.pdf;Supplier Onboarding;HR Archive;Elena Hoffmann;elena.hoffmann@bosch.example;2025-06-28;2026-02-28;6,43;"Supplier Onboarding
Purpose: Setup supplier.
Company: ______
Contact: ______
Tax ID: ______
Supplier Onboarding
Purpose: Setup supplier.
Review: ______
Approval: ______
Notes: ______
Notes: Blank template fields remain underscores only, matching the unfilled PDF examples.";no;no;no;no;no;no;no;no;no;no;no;no;no;;0;easy;no;no;train;Clean negative sample.
DOC-0366;supplier_onboarding_clean_0366.pdf;Supplier Onboarding;OneDrive;Sofia Hartmann;sofia.hartmann@bosch.example;2025-08-04;2026-04-19;4,41;"Supplier Onboarding (Filled)
Purpose: Example of a completed supplier onboarding record.
Company: Nordic Components GmbH
Address: Hauptstr. 12, 70173 Stuttgart
Contact: procurement@nordic-components.example
Tax ID: DE123456789
Certification: ISO 9001
Risk Level: Medium
Supplier Onboarding (Filled) - Review
Purpose: Example of a completed supplier onboarding record.
Reviewer: Procurement Ops
Comments: Documents verified; banking details pending validation.
Approval: Conditionally Approved
Notes: Activate vendor after bank verification.
Notes: Training results are aggregated by course and do not contain individual comments from a participant.";no;no;no;no;no;no;no;no;no;no;no;no;no;;0;easy;no;no;train;Clean negative sample.
DOC-0367;supplier_onboarding_clean_0367.pdf;Supplier Onboarding;OneDrive;Maria Schmidt;maria.schmidt@bosch.example;2025-09-10;2026-06-08;0,25;"Supplier Onboarding (Filled)
Purpose: Example of a completed supplier onboarding record.
Company: Nordic Components GmbH
Address: Hauptstr. 12, 70173 Stuttgart
Contact: procurement@nordic-components.example
Tax ID: DE123456789
Certification: ISO 9001
Risk Level: Medium
Supplier Onboarding (Filled) - Review
Purpose: Example of a completed supplier onboarding record.
Reviewer: Procurement Ops
Comments: Documents verified; banking details pending validation.
Approval: Conditionally Approved
Notes: Activate vendor after bank verification.
Notes: Supplier company contact is a generic mailbox and business address, not an individual person's details.";no;no;no;no;no;no;no;no;no;no;no;no;no;;0;easy;no;no;train;Clean negative sample.
DOC-0368;supplier_onboarding_clean_0368.pdf;Supplier Onboarding;HR Archive;Jonas Fischer;jonas.fischer@bosch.example;2025-10-17;2026-07-28;3,49;"Supplier Onboarding
Purpose: Setup supplier.
Company: ______
Contact: ______
Tax ID: ______
Supplier Onboarding
Purpose: Setup supplier.
Review: ______
Approval: ______
Notes: ______
Notes: Address is a supplier company location, not a home, billing, or shipping address for a person.";no;no;no;no;no;no;no;no;no;no;no;no;no;;0;hard;yes;no;train;Negative edge case: looks sensitive but should be no personal data.
DOC-0369;supplier_onboarding_clean_0369.pdf;Supplier Onboarding;SharePoint;Max Wagner;max.wagner@bosch.example;2025-11-23;2026-09-16;3,06;"Supplier Onboarding (Filled)
Purpose: Example of a completed supplier onboarding record.
Company: Nordic Components GmbH
Address: Hauptstr. 12, 70173 Stuttgart
Contact: procurement@nordic-components.example
Tax ID: DE123456789
Certification: ISO 9001
Risk Level: Medium
Supplier Onboarding (Filled) - Review
Purpose: Example of a completed supplier onboarding record.
Reviewer: Procurement Ops
Comments: Documents verified; banking details pending validation.
Approval: Conditionally Approved
Notes: Activate vendor after bank verification.
Notes: Supplier company contact is a generic mailbox and business address, not an individual person's details.";no;no;no;no;no;no;no;no;no;no;no;no;no;;0;easy;no;no;train;Clean negative sample.
DOC-0370;supplier_onboarding_clean_0370.pdf;Supplier Onboarding;HR Archive;Max Wagner;max.wagner@bosch.example;2025-12-30;2026-11-05;4,86;"Supplier Onboarding (Filled)
Purpose: Example of a completed supplier onboarding record.
Company: Alpine Services AG
Address: Industriestr. 8, 80331 München
Contact: vendor@alpine-services.example
Tax ID: DE987654321
Certification: ISO 27001
Risk Level: Low
Supplier Onboarding (Filled) - Review
Purpose: Example of a completed supplier onboarding record.
Reviewer: Vendor Management
Comments: All compliance checks passed.
Approval: Approved
Notes: Eligible for standard payment terms.
Notes: Role-based labels only, such as Team Lead, Facility Coordinator, Procurement Ops, or IT Service Desk.";no;no;no;no;no;no;no;no;no;no;no;no;no;;0;easy;no;no;train;Clean negative sample.
DOC-0371;supplier_onboarding_clean_0371.pdf;Supplier Onboarding;SharePoint;Sofia Hartmann;sofia.hartmann@bosch.example;2026-02-05;2026-12-25;5,51;"Supplier Onboarding
Purpose: Setup supplier.
Company: ______
Contact: ______
Tax ID: ______
Supplier Onboarding
Purpose: Setup supplier.
Review: ______
Approval: ______
Notes: ______
Notes: Role-based labels only, such as Team Lead, Facility Coordinator, Procurement Ops, or IT Service Desk.";no;no;no;no;no;no;no;no;no;no;no;no;no;;0;easy;no;no;validation;Clean negative sample.
DOC-0372;supplier_onboarding_clean_0372.pdf;Supplier Onboarding;HR Archive;Elena Hoffmann;elena.hoffmann@bosch.example;2026-03-14;2027-02-13;1,84;"Supplier Onboarding
Purpose: Setup supplier.
Company: ______
Contact: ______
Tax ID: ______
Supplier Onboarding
Purpose: Setup supplier.
Review: ______
Approval: ______
Notes: ______
Notes: Department aggregate only; no named participant, employee, manager, reviewer, or contact person is included.";no;no;no;no;no;no;no;no;no;no;no;no;no;;0;easy;no;no;validation;Clean negative sample.
DOC-0373;supplier_onboarding_clean_0373.pdf;Supplier Onboarding;Shared Drive;Priya Nair;priya.nair@bosch.example;2020-01-02;2020-12-16;3,55;"Supplier Onboarding (Filled)
Purpose: Example of a completed supplier onboarding record.
Company: Nordic Components GmbH
Address: Hauptstr. 12, 70173 Stuttgart
Contact: procurement@nordic-components.example
Tax ID: DE123456789
Certification: ISO 9001
Risk Level: Medium
Supplier Onboarding (Filled) - Review
Purpose: Example of a completed supplier onboarding record.
Reviewer: Procurement Ops
Comments: Documents verified; banking details pending validation.
Approval: Conditionally Approved
Notes: Activate vendor after bank verification.
Notes: Training results are aggregated by course and do not contain individual comments from a participant.";no;no;no;no;no;no;no;no;no;no;no;no;no;;0;easy;no;yes;validation;Clean negative sample.
DOC-0374;supplier_onboarding_clean_0374.pdf;Supplier Onboarding;HR Archive;Maria Schmidt;maria.schmidt@bosch.example;2020-02-08;2021-02-04;2,44;"Supplier Onboarding (Filled)
Purpose: Example of a completed supplier onboarding record.
Company: Alpine Services AG
Address: Industriestr. 8, 80331 München
Contact: vendor@alpine-services.example
Tax ID: DE987654321
Certification: ISO 27001
Risk Level: Low
Supplier Onboarding (Filled) - Review
Purpose: Example of a completed supplier onboarding record.
Reviewer: Vendor Management
Comments: All compliance checks passed.
Approval: Approved
Notes: Eligible for standard payment terms.
Notes: Role-based labels only, such as Team Lead, Facility Coordinator, Procurement Ops, or IT Service Desk.";no;no;no;no;no;no;no;no;no;no;no;no;no;;0;easy;no;yes;validation;Clean negative sample.
DOC-0375;supplier_onboarding_clean_0375.pdf;Supplier Onboarding;SharePoint;Priya Nair;priya.nair@bosch.example;2020-03-16;2021-03-26;6,08;"Supplier Onboarding (Filled)
Purpose: Example of a completed supplier onboarding record.
Company: Alpine Services AG
Address: Industriestr. 8, 80331 München
Contact: vendor@alpine-services.example
Tax ID: DE987654321
Certification: ISO 27001
Risk Level: Low
Supplier Onboarding (Filled) - Review
Purpose: Example of a completed supplier onboarding record.
Reviewer: Vendor Management
Comments: All compliance checks passed.
Approval: Approved
Notes: Eligible for standard payment terms.
Notes: Blank template fields remain underscores only, matching the unfilled PDF examples.";no;no;no;no;no;no;no;no;no;no;no;no;no;;0;easy;no;yes;validation;Clean negative sample.
DOC-0376;supplier_onboarding_clean_0376.pdf;Supplier Onboarding;Shared Drive;Jonas Fischer;jonas.fischer@bosch.example;2020-04-22;2021-05-15;0,96;"Supplier Onboarding (Filled)
Purpose: Example of a completed supplier onboarding record.
Company: Alpine Services AG
Address: Industriestr. 8, 80331 München
Contact: vendor@alpine-services.example
Tax ID: DE987654321
Certification: ISO 27001
Risk Level: Low
Supplier Onboarding (Filled) - Review
Purpose: Example of a completed supplier onboarding record.
Reviewer: Vendor Management
Comments: All compliance checks passed.
Approval: Approved
Notes: Eligible for standard payment terms.
Notes: Department aggregate only; no named participant, employee, manager, reviewer, or contact person is included.";no;no;no;no;no;no;no;no;no;no;no;no;no;;0;easy;no;yes;validation;Clean negative sample.
DOC-0377;supplier_onboarding_clean_0377.pdf;Supplier Onboarding;HR Archive;Maria Schmidt;maria.schmidt@bosch.example;2020-05-29;2021-07-04;5,83;"Supplier Onboarding (Filled)
Purpose: Example of a completed supplier onboarding record.
Company: Alpine Services AG
Address: Industriestr. 8, 80331 München
Contact: vendor@alpine-services.example
Tax ID: DE987654321
Certification: ISO 27001
Risk Level: Low
Supplier Onboarding (Filled) - Review
Purpose: Example of a completed supplier onboarding record.
Reviewer: Vendor Management
Comments: All compliance checks passed.
Approval: Approved
Notes: Eligible for standard payment terms.
Notes: Blank template fields remain underscores only, matching the unfilled PDF examples.";no;no;no;no;no;no;no;no;no;no;no;no;no;;0;easy;no;yes;validation;Clean negative sample.
DOC-0378;supplier_onboarding_clean_0378.pdf;Supplier Onboarding;SharePoint;Maria Schmidt;maria.schmidt@bosch.example;2020-07-05;2021-08-23;1,15;"Supplier Onboarding
Purpose: Setup supplier.
Company: ______
Contact: ______
Tax ID: ______
Supplier Onboarding
Purpose: Setup supplier.
Review: ______
Approval: ______
Notes: ______
Notes: Blank template fields remain underscores only, matching the unfilled PDF examples.";no;no;no;no;no;no;no;no;no;no;no;no;no;;0;easy;no;yes;validation;Clean negative sample.
DOC-0379;supplier_onboarding_clean_0379.pdf;Supplier Onboarding;OneDrive;Sofia Hartmann;sofia.hartmann@bosch.example;2020-08-11;2021-10-12;3,62;"Supplier Onboarding (Filled)
Purpose: Example of a completed supplier onboarding record.
Company: Nordic Components GmbH
Address: Hauptstr. 12, 70173 Stuttgart
Contact: procurement@nordic-components.example
Tax ID: DE123456789
Certification: ISO 9001
Risk Level: Medium
Supplier Onboarding (Filled) - Review
Purpose: Example of a completed supplier onboarding record.
Reviewer: Procurement Ops
Comments: Documents verified; banking details pending validation.
Approval: Conditionally Approved
Notes: Activate vendor after bank verification.
Notes: Role-based labels only, such as Team Lead, Facility Coordinator, Procurement Ops, or IT Service Desk.";no;no;no;no;no;no;no;no;no;no;no;no;no;;0;easy;no;yes;validation;Clean negative sample.
DOC-0380;supplier_onboarding_clean_0380.pdf;Supplier Onboarding;Shared Drive;Elena Hoffmann;elena.hoffmann@bosch.example;2020-09-17;2021-12-01;0,86;"Supplier Onboarding (Filled)
Purpose: Example of a completed supplier onboarding record.
Company: Nordic Components GmbH
Address: Hauptstr. 12, 70173 Stuttgart
Contact: procurement@nordic-components.example
Tax ID: DE123456789
Certification: ISO 9001
Risk Level: Medium
Supplier Onboarding (Filled) - Review
Purpose: Example of a completed supplier onboarding record.
Reviewer: Procurement Ops
Comments: Documents verified; banking details pending validation.
Approval: Conditionally Approved
Notes: Activate vendor after bank verification.
Notes: Blank template fields remain underscores only, matching the unfilled PDF examples.";no;no;no;no;no;no;no;no;no;no;no;no;no;;0;easy;no;yes;validation;Clean negative sample.
DOC-0381;supplier_onboarding_clean_0381.pdf;Supplier Onboarding;OneDrive;Noah Becker;noah.becker@bosch.example;2020-10-24;2022-01-20;1,34;"Supplier Onboarding (Filled)
Purpose: Example of a completed supplier onboarding record.
Company: Alpine Services AG
Address: Industriestr. 8, 80331 München
Contact: vendor@alpine-services.example
Tax ID: DE987654321
Certification: ISO 27001
Risk Level: Low
Supplier Onboarding (Filled) - Review
Purpose: Example of a completed supplier onboarding record.
Reviewer: Vendor Management
Comments: All compliance checks passed.
Approval: Approved
Notes: Eligible for standard payment terms.
Notes: Training results are aggregated by course and do not contain individual comments from a participant.";no;no;no;no;no;no;no;no;no;no;no;no;no;;0;easy;no;yes;validation;Clean negative sample.
DOC-0382;supplier_onboarding_clean_0382.pdf;Supplier Onboarding;SharePoint;Priya Nair;priya.nair@bosch.example;2020-11-30;2022-03-11;2,49;"Supplier Onboarding (Filled)
Purpose: Example of a completed supplier onboarding record.
Company: Alpine Services AG
Address: Industriestr. 8, 80331 München
Contact: vendor@alpine-services.example
Tax ID: DE987654321
Certification: ISO 27001
Risk Level: Low
Supplier Onboarding (Filled) - Review
Purpose: Example of a completed supplier onboarding record.
Reviewer: Vendor Management
Comments: All compliance checks passed.
Approval: Approved
Notes: Eligible for standard payment terms.
Notes: Supplier company contact is a generic mailbox and business address, not an individual person's details.";no;no;no;no;no;no;no;no;no;no;no;no;no;;0;easy;no;yes;validation;Clean negative sample.
DOC-0383;supplier_onboarding_clean_0383.pdf;Supplier Onboarding;OneDrive;Priya Nair;priya.nair@bosch.example;2021-01-06;2022-04-30;6,06;"Supplier Onboarding
Purpose: Setup supplier.
Company: ______
Contact: ______
Tax ID: ______
Supplier Onboarding
Purpose: Setup supplier.
Review: ______
Approval: ______
Notes: ______
Notes: Department aggregate only; no named participant, employee, manager, reviewer, or contact person is included.";no;no;no;no;no;no;no;no;no;no;no;no;no;;0;easy;no;yes;validation;Clean negative sample.
DOC-0384;supplier_onboarding_clean_0384.pdf;Supplier Onboarding;OneDrive;Maria Schmidt;maria.schmidt@bosch.example;2021-02-12;2022-06-19;2,15;"Supplier Onboarding (Filled)
Purpose: Example of a completed supplier onboarding record.
Company: Nordic Components GmbH
Address: Hauptstr. 12, 70173 Stuttgart
Contact: procurement@nordic-components.example
Tax ID: DE123456789
Certification: ISO 9001
Risk Level: Medium
Supplier Onboarding (Filled) - Review
Purpose: Example of a completed supplier onboarding record.
Reviewer: Procurement Ops
Comments: Documents verified; banking details pending validation.
Approval: Conditionally Approved
Notes: Activate vendor after bank verification.
Notes: Role-based labels only, such as Team Lead, Facility Coordinator, Procurement Ops, or IT Service Desk.";no;no;no;no;no;no;no;no;no;no;no;no;no;;0;easy;no;yes;validation;Clean negative sample.
DOC-0385;supplier_onboarding_clean_0385.pdf;Supplier Onboarding;HR Archive;Tom Nguyen;tom.nguyen@bosch.example;2021-03-21;2022-08-08;4,62;"Supplier Onboarding
Purpose: Setup supplier.
Company: ______
Contact: ______
Tax ID: ______
Supplier Onboarding
Purpose: Setup supplier.
Review: ______
Approval: ______
Notes: ______
Notes: Comments mention 'healthy process' and 'sick pipeline' as metaphors, not health information.";no;no;no;no;no;no;no;no;no;no;no;no;no;;0;hard;yes;yes;validation;Negative edge case: looks sensitive but should be no personal data.
DOC-0386;supplier_onboarding_clean_0386.pdf;Supplier Onboarding;OneDrive;Maria Schmidt;maria.schmidt@bosch.example;2021-04-27;2022-09-27;6,05;"Supplier Onboarding (Filled)
Purpose: Example of a completed supplier onboarding record.
Company: Nordic Components GmbH
Address: Hauptstr. 12, 70173 Stuttgart
Contact: procurement@nordic-components.example
Tax ID: DE123456789
Certification: ISO 9001
Risk Level: Medium
Supplier Onboarding (Filled) - Review
Purpose: Example of a completed supplier onboarding record.
Reviewer: Procurement Ops
Comments: Documents verified; banking details pending validation.
Approval: Conditionally Approved
Notes: Activate vendor after bank verification.
Notes: Department aggregate only; no named participant, employee, manager, reviewer, or contact person is included.";no;no;no;no;no;no;no;no;no;no;no;no;no;;0;easy;no;yes;test;Clean negative sample.
DOC-0387;supplier_onboarding_clean_0387.pdf;Supplier Onboarding;SharePoint;Tom Nguyen;tom.nguyen@bosch.example;2021-06-03;2022-11-16;2,22;"Supplier Onboarding
Purpose: Setup supplier.
Company: ______
Contact: ______
Tax ID: ______
Supplier Onboarding
Purpose: Setup supplier.
Review: ______
Approval: ______
Notes: ______
Notes: Blank template fields remain underscores only, matching the unfilled PDF examples.";no;no;no;no;no;no;no;no;no;no;no;no;no;;0;easy;no;yes;test;Clean negative sample.
DOC-0388;supplier_onboarding_clean_0388.pdf;Supplier Onboarding;HR Archive;Noah Becker;noah.becker@bosch.example;2021-07-10;2023-01-05;5,5;"Supplier Onboarding (Filled)
Purpose: Example of a completed supplier onboarding record.
Company: Nordic Components GmbH
Address: Hauptstr. 12, 70173 Stuttgart
Contact: procurement@nordic-components.example
Tax ID: DE123456789
Certification: ISO 9001
Risk Level: Medium
Supplier Onboarding (Filled) - Review
Purpose: Example of a completed supplier onboarding record.
Reviewer: Procurement Ops
Comments: Documents verified; banking details pending validation.
Approval: Conditionally Approved
Notes: Activate vendor after bank verification.
Notes: Blank template fields remain underscores only, matching the unfilled PDF examples.";no;no;no;no;no;no;no;no;no;no;no;no;no;;0;easy;no;yes;test;Clean negative sample.
DOC-0389;supplier_onboarding_clean_0389.pdf;Supplier Onboarding;HR Archive;Lukas Weber;lukas.weber@bosch.example;2021-08-16;2023-02-24;1,4;"Supplier Onboarding (Filled)
Purpose: Example of a completed supplier onboarding record.
Company: Nordic Components GmbH
Address: Hauptstr. 12, 70173 Stuttgart
Contact: procurement@nordic-components.example
Tax ID: DE123456789
Certification: ISO 9001
Risk Level: Medium
Supplier Onboarding (Filled) - Review
Purpose: Example of a completed supplier onboarding record.
Reviewer: Procurement Ops
Comments: Documents verified; banking details pending validation.
Approval: Conditionally Approved
Notes: Activate vendor after bank verification.
Notes: Training results are aggregated by course and do not contain individual comments from a participant.";no;no;no;no;no;no;no;no;no;no;no;no;no;;0;easy;no;yes;test;Clean negative sample.
DOC-0390;supplier_onboarding_clean_0390.pdf;Supplier Onboarding;OneDrive;Max Wagner;max.wagner@bosch.example;2021-09-22;2023-04-15;8,59;"Supplier Onboarding (Filled)
Purpose: Example of a completed supplier onboarding record.
Company: Alpine Services AG
Address: Industriestr. 8, 80331 München
Contact: vendor@alpine-services.example
Tax ID: DE987654321
Certification: ISO 27001
Risk Level: Low
Supplier Onboarding (Filled) - Review
Purpose: Example of a completed supplier onboarding record.
Reviewer: Vendor Management
Comments: All compliance checks passed.
Approval: Approved
Notes: Eligible for standard payment terms.
Notes: Training results are aggregated by course and do not contain individual comments from a participant.";no;no;no;no;no;no;no;no;no;no;no;no;no;;0;easy;no;yes;test;Clean negative sample.
DOC-0391;supplier_onboarding_clean_0391.pdf;Supplier Onboarding;HR Archive;Elena Hoffmann;elena.hoffmann@bosch.example;2021-10-29;2023-06-04;3,08;"Supplier Onboarding
Purpose: Setup supplier.
Company: ______
Contact: ______
Tax ID: ______
Supplier Onboarding
Purpose: Setup supplier.
Review: ______
Approval: ______
Notes: ______
Notes: Supplier company contact is a generic mailbox and business address, not an individual person's details.";no;no;no;no;no;no;no;no;no;no;no;no;no;;0;easy;no;no;test;Clean negative sample.
DOC-0392;supplier_onboarding_clean_0392.pdf;Supplier Onboarding;Shared Drive;Tom Nguyen;tom.nguyen@bosch.example;2021-12-05;2023-07-24;2,23;"Supplier Onboarding
Purpose: Setup supplier.
Company: ______
Contact: ______
Tax ID: ______
Supplier Onboarding
Purpose: Setup supplier.
Review: ______
Approval: ______
Notes: ______
Notes: Department aggregate only; no named participant, employee, manager, reviewer, or contact person is included.";no;no;no;no;no;no;no;no;no;no;no;no;no;;0;easy;no;no;test;Clean negative sample.
DOC-0393;supplier_onboarding_clean_0393.pdf;Supplier Onboarding;Shared Drive;Elena Hoffmann;elena.hoffmann@bosch.example;2022-01-11;2023-09-12;4,82;"Supplier Onboarding (Filled)
Purpose: Example of a completed supplier onboarding record.
Company: Nordic Components GmbH
Address: Hauptstr. 12, 70173 Stuttgart
Contact: procurement@nordic-components.example
Tax ID: DE123456789
Certification: ISO 9001
Risk Level: Medium
Supplier Onboarding (Filled) - Review
Purpose: Example of a completed supplier onboarding record.
Reviewer: Procurement Ops
Comments: Documents verified; banking details pending validation.
Approval: Conditionally Approved
Notes: Activate vendor after bank verification.
Notes: Supplier company contact is a generic mailbox and business address, not an individual person's details.";no;no;no;no;no;no;no;no;no;no;no;no;no;;0;easy;no;no;test;Clean negative sample.
DOC-0394;supplier_onboarding_clean_0394.pdf;Supplier Onboarding;HR Archive;Max Wagner;max.wagner@bosch.example;2022-02-17;2023-11-01;7,55;"Supplier Onboarding (Filled)
Purpose: Example of a completed supplier onboarding record.
Company: Alpine Services AG
Address: Industriestr. 8, 80331 München
Contact: vendor@alpine-services.example
Tax ID: DE987654321
Certification: ISO 27001
Risk Level: Low
Supplier Onboarding (Filled) - Review
Purpose: Example of a completed supplier onboarding record.
Reviewer: Vendor Management
Comments: All compliance checks passed.
Approval: Approved
Notes: Eligible for standard payment terms.
Notes: Blank template fields remain underscores only, matching the unfilled PDF examples.";no;no;no;no;no;no;no;no;no;no;no;no;no;;0;easy;no;no;test;Clean negative sample.
DOC-0395;supplier_onboarding_clean_0395.pdf;Supplier Onboarding;Shared Drive;Maria Schmidt;maria.schmidt@bosch.example;2022-03-26;2023-12-21;1,75;"Supplier Onboarding
Purpose: Setup supplier.
Company: ______
Contact: ______
Tax ID: ______
Supplier Onboarding
Purpose: Setup supplier.
Review: ______
Approval: ______
Notes: ______
Notes: Department aggregate only; no named participant, employee, manager, reviewer, or contact person is included.";no;no;no;no;no;no;no;no;no;no;no;no;no;;0;easy;no;no;test;Clean negative sample.
DOC-0396;supplier_onboarding_clean_0396.pdf;Supplier Onboarding;SharePoint;Elena Hoffmann;elena.hoffmann@bosch.example;2022-05-02;2024-02-09;3,79;"Supplier Onboarding (Filled)
Purpose: Example of a completed supplier onboarding record.
Company: Alpine Services AG
Address: Industriestr. 8, 80331 München
Contact: vendor@alpine-services.example
Tax ID: DE987654321
Certification: ISO 27001
Risk Level: Low
Supplier Onboarding (Filled) - Review
Purpose: Example of a completed supplier onboarding record.
Reviewer: Vendor Management
Comments: All compliance checks passed.
Approval: Approved
Notes: Eligible for standard payment terms.
Notes: Training results are aggregated by course and do not contain individual comments from a participant.";no;no;no;no;no;no;no;no;no;no;no;no;no;;0;easy;no;no;test;Clean negative sample.
DOC-0397;supplier_onboarding_clean_0397.pdf;Supplier Onboarding;HR Archive;Elena Hoffmann;elena.hoffmann@bosch.example;2022-06-08;2024-03-30;5,9;"Supplier Onboarding (Filled)
Purpose: Example of a completed supplier onboarding record.
Company: Alpine Services AG
Address: Industriestr. 8, 80331 München
Contact: vendor@alpine-services.example
Tax ID: DE987654321
Certification: ISO 27001
Risk Level: Low
Supplier Onboarding (Filled) - Review
Purpose: Example of a completed supplier onboarding record.
Reviewer: Vendor Management
Comments: All compliance checks passed.
Approval: Approved
Notes: Eligible for standard payment terms.
Notes: Role-based labels only, such as Team Lead, Facility Coordinator, Procurement Ops, or IT Service Desk.";no;no;no;no;no;no;no;no;no;no;no;no;no;;0;easy;no;no;test;Clean negative sample.
DOC-0398;supplier_onboarding_clean_0398.pdf;Supplier Onboarding;Teams Export;Max Wagner;max.wagner@bosch.example;2022-07-15;2024-05-19;2,68;"Supplier Onboarding (Filled)
Purpose: Example of a completed supplier onboarding record.
Company: Alpine Services AG
Address: Industriestr. 8, 80331 München
Contact: vendor@alpine-services.example
Tax ID: DE987654321
Certification: ISO 27001
Risk Level: Low
Supplier Onboarding (Filled) - Review
Purpose: Example of a completed supplier onboarding record.
Reviewer: Vendor Management
Comments: All compliance checks passed.
Approval: Approved
Notes: Eligible for standard payment terms.
Notes: Supplier company contact is a generic mailbox and business address, not an individual person's details.";no;no;no;no;no;no;no;no;no;no;no;no;no;;0;easy;no;no;test;Clean negative sample.
DOC-0399;supplier_onboarding_clean_0399.pdf;Supplier Onboarding;Teams Export;Maria Schmidt;maria.schmidt@bosch.example;2022-08-21;2024-07-08;0,37;"Supplier Onboarding (Filled)
Purpose: Example of a completed supplier onboarding record.
Company: Nordic Components GmbH
Address: Hauptstr. 12, 70173 Stuttgart
Contact: procurement@nordic-components.example
Tax ID: DE123456789
Certification: ISO 9001
Risk Level: Medium
Supplier Onboarding (Filled) - Review
Purpose: Example of a completed supplier onboarding record.
Reviewer: Procurement Ops
Comments: Documents verified; banking details pending validation.
Approval: Conditionally Approved
Notes: Activate vendor after bank verification.
Notes: Training results are aggregated by course and do not contain individual comments from a participant.";no;no;no;no;no;no;no;no;no;no;no;no;no;;0;easy;no;no;test;Clean negative sample.
DOC-0400;supplier_onboarding_clean_0400.pdf;Supplier Onboarding;SharePoint;Anna Keller;anna.keller@bosch.example;2022-09-27;2024-08-27;4,54;"Supplier Onboarding (Filled)
Purpose: Example of a completed supplier onboarding record.
Company: Alpine Services AG
Address: Industriestr. 8, 80331 München
Contact: vendor@alpine-services.example
Tax ID: DE987654321
Certification: ISO 27001
Risk Level: Low
Supplier Onboarding (Filled) - Review
Purpose: Example of a completed supplier onboarding record.
Reviewer: Vendor Management
Comments: All compliance checks passed.
Approval: Approved
Notes: Eligible for standard payment terms.
Notes: Department aggregate only; no named participant, employee, manager, reviewer, or contact person is included.";no;no;no;no;no;no;no;no;no;no;no;no;no;;0;easy;no;no;test;Clean negative sample.
DOC-0401;training_evaluation_finding_0401.pdf;Training Evaluation;OneDrive;Lukas Weber;lukas.weber@bosch.example;2022-11-03;2024-10-16;2,43;"Training Evaluation (Filled)
Purpose: Example of a completed training feedback form.
Participant: Maria Schmidt
Course: Data Protection Basics
Date: 03 Nov 2022
Content: 5/5
Trainer: 4/5
Material: 4/5
Email: maria.schmidt@bosch.example
Fax: +49 711 811 2041
Training Evaluation (Filled) - Review
Purpose: Example of a completed training feedback form.
Comments: Clear structure and helpful examples; add more hands-on exercises.
Recommendation: Repeat quarterly for new joiners.";yes;no;yes;yes;no;no;no;no;no;no;no;no;no;"fax_number; email_address";2;easy;no;no;train;Straightforward labeled personal-data example.
DOC-0402;training_evaluation_finding_0402.pdf;Training Evaluation;OneDrive;Elena Hoffmann;elena.hoffmann@bosch.example;2022-12-10;2024-12-05;6,75;"Training Evaluation (Filled)
Purpose: Example of a completed training feedback form.
Participant: Elena Fischer
Course: Document Classification Workshop
Date: 10 Dec 2022
Content: 4/5
Trainer: 5/5
Material: 3/5
Additional Person Reference: Elena Fischer
Email: elena dot fischer at bosch dot example
Signature: E. Fischer
Training Evaluation (Filled) - Review
Purpose: Example of a completed training feedback form.
Comments: Trainer excellent; slides were dense—provide a cheat sheet.
Recommendation: Add a short pre-read and a 15-min quiz.";yes;yes;yes;no;no;no;no;no;no;no;no;no;no;"signature; first_name; last_name; email_address";4;medium;yes;no;train;Useful for testing ambiguous/OCR/context-heavy personal-data detection.
DOC-0403;training_evaluation_finding_0403.pdf;Training Evaluation;OneDrive;Sofia Hartmann;sofia.hartmann@bosch.example;2023-01-16;2025-01-24;6,6;"Training Evaluation (Filled)
Purpose: Example of a completed training feedback form.
Participant: Jonas Keller
Course: Data Protection Basics
Date: 16 Jan 2023
Content: 5/5
Trainer: 4/5
Material: 4/5
Additional Person Reference: Jonas Keller
Attachment: security_camera_still_keller.jpg shows Jonas Keller next to loading bay B.
Training Evaluation (Filled) - Review
Purpose: Example of a completed training feedback form.
Comments: Clear structure and helpful examples; add more hands-on exercises.
Recommendation: Repeat quarterly for new joiners.";yes;yes;no;no;no;no;no;no;no;no;no;no;no;"photo_video_person; first_name; last_name";3;hard;yes;no;train;Useful for testing ambiguous/OCR/context-heavy personal-data detection.
DOC-0404;training_evaluation_finding_0404.pdf;Training Evaluation;Shared Drive;Priya Nair;priya.nair@bosch.example;2023-02-22;2025-03-15;3,47;"Training Evaluation (Filled)
Purpose: Example of a completed training feedback form.
Participant: Nina Beck
Course: Document Classification Workshop
Date: 22 Feb 2023
Content: 4/5
Trainer: 5/5
Material: 3/5
Additional Person Reference: Nina Beck
Date of Birth: 1994-02-19
Medical ID: MED-DE-510483
Health / Accommodation Note: asked for ergonomic seating due to recurring back pain
Training Evaluation (Filled) - Review
Purpose: Example of a completed training feedback form.
Comments: Trainer excellent; slides were dense—provide a cheat sheet.
Recommendation: Add a short pre-read and a 15-min quiz.";yes;yes;no;no;no;no;no;no;no;yes;no;no;yes;"health_data; medical_id; birth_date; first_name; last_name";5;medium;yes;no;train;Useful for testing ambiguous/OCR/context-heavy personal-data detection.
DOC-0405;training_evaluation_finding_0405.pdf;Training Evaluation;SharePoint;Anna Keller;anna.keller@bosch.example;2023-03-31;2025-05-04;6,69;"Training Evaluation (Filled)
Purpose: Example of a completed training feedback form.
Participant: Maria Schmidt
Course: Data Protection Basics
Date: 31 Mar 2023
Content: 5/5
Trainer: 4/5
Material: 4/5
Travel History: Stuttgart on 2022-03-11, Lyon on 2022-04-18, and Milan on 2022-05-09
Medical ID: MED-DE-440912
Health / Accommodation Note: reported migraine symptoms and requested a quiet room accommodation
Training Evaluation (Filled) - Review
Purpose: Example of a completed training feedback form.
Comments: Clear structure and helpful examples; add more hands-on exercises.
Recommendation: Repeat quarterly for new joiners.";yes;no;no;no;yes;no;no;no;no;yes;no;no;yes;"health_data; medical_id; travel_history";3;hard;yes;no;train;Useful for testing ambiguous/OCR/context-heavy personal-data detection.
DOC-0406;training_evaluation_finding_0406.pdf;Training Evaluation;SharePoint;Jonas Fischer;jonas.fischer@bosch.example;2023-05-07;2025-06-23;3,24;"Training Evaluation (Filled)
Purpose: Example of a completed training feedback form.
Participant: Elena Fischer
Course: Document Classification Workshop
Date: 07 May 2023
Content: 4/5
Trainer: 5/5
Material: 3/5
Email: elena dot fischer at bosch dot example
Training Evaluation (Filled) - Review
Purpose: Example of a completed training feedback form.
Comments: Trainer excellent; slides were dense—provide a cheat sheet.
Recommendation: Add a short pre-read and a 15-min quiz.";yes;no;yes;no;no;no;no;no;no;no;no;no;no;email_address;1;medium;yes;no;train;Useful for testing ambiguous/OCR/context-heavy personal-data detection.
DOC-0407;training_evaluation_finding_0407.pdf;Training Evaluation;SharePoint;Priya Nair;priya.nair@bosch.example;2023-06-13;2025-08-12;2,1;"Training Evaluation (Filled)
Purpose: Example of a completed training feedback form.
Participant: Jonas Keller
Course: Document Classification Workshop
Date: 13 Jun 2023
Content: 4/5
Trainer: 5/5
Material: 3/5
Phone: zero one seven six, four four two, nine eight nine eight
Training Evaluation (Filled) - Review
Purpose: Example of a completed training feedback form.
Comments: Trainer excellent; slides were dense—provide a cheat sheet.
Recommendation: Add a short pre-read and a 15-min quiz.";yes;no;no;yes;no;no;no;no;no;no;no;no;no;phone_number;1;medium;yes;no;train;Useful for testing ambiguous/OCR/context-heavy personal-data detection.
DOC-0408;training_evaluation_finding_0408.pdf;Training Evaluation;Shared Drive;Priya Nair;priya.nair@bosch.example;2023-07-20;2025-10-01;8,61;"Training Evaluation (Filled)
Purpose: Example of a completed training feedback form.
Participant: Nina Beck
Course: Data Protection Basics
Date: 20 Jul 2023
Content: 5/5
Trainer: 4/5
Material: 4/5
Home Address: Parkring 3, 90402 Nuremberg, Germany
Training Evaluation (Filled) - Review
Purpose: Example of a completed training feedback form.
Comments: Clear structure and helpful examples; add more hands-on exercises.
Recommendation: Repeat quarterly for new joiners.";yes;no;no;no;yes;no;no;no;no;no;no;no;no;home_address;1;medium;yes;no;train;Useful for testing ambiguous/OCR/context-heavy personal-data detection.
DOC-0409;training_evaluation_finding_0409.pdf;Training Evaluation;OneDrive;Elena Hoffmann;elena.hoffmann@bosch.example;2023-08-26;2025-11-20;7,75;"Training Evaluation (Filled)
Purpose: Example of a completed training feedback form.
Participant: Maria Schmidt
Course: Document Classification Workshop
Date: 26 Aug 2023
Content: 4/5
Trainer: 5/5
Material: 3/5
Passport Number: C4X829l7 4
Training Evaluation (Filled) - Review
Purpose: Example of a completed training feedback form.
Comments: Trainer excellent; slides were dense—provide a cheat sheet.
Recommendation: Add a short pre-read and a 15-min quiz.";yes;no;no;no;no;no;no;yes;no;no;no;no;no;passport_number;1;hard;yes;no;train;Useful for testing ambiguous/OCR/context-heavy personal-data detection.
DOC-0410;training_evaluation_finding_0410.pdf;Training Evaluation;Teams Export;Sofia Hartmann;sofia.hartmann@bosch.example;2023-10-02;2026-01-09;3,03;"Training Evaluation (Filled)
Purpose: Example of a completed training feedback form.
Participant: Elena Fischer
Course: Document Classification Workshop
Date: 02 Oct 2023
Content: 4/5
Trainer: 5/5
Material: 3/5
ID Card Number: T88Q-3920I76
Training Evaluation (Filled) - Review
Purpose: Example of a completed training feedback form.
Comments: Trainer excellent; slides were dense—provide a cheat sheet.
Recommendation: Add a short pre-read and a 15-min quiz.";yes;no;no;no;no;no;no;no;yes;no;no;no;no;id_card_number;1;hard;yes;no;train;Useful for testing ambiguous/OCR/context-heavy personal-data detection.
DOC-0411;training_evaluation_finding_0411.pdf;Training Evaluation;Teams Export;Sofia Hartmann;sofia.hartmann@bosch.example;2023-11-08;2026-02-28;7,24;"Training Evaluation (Filled)
Purpose: Example of a completed training feedback form.
Participant: Jonas Keller
Course: Data Protection Basics
Date: 08 Nov 2023
Content: 5/5
Trainer: 4/5
Material: 4/5
Driver's License Number: K-1182-3309-72
Training Evaluation (Filled) - Review
Purpose: Example of a completed training feedback form.
Comments: Clear structure and helpful examples; add more hands-on exercises.
Recommendation: Repeat quarterly for new joiners.";yes;no;no;no;no;no;no;no;yes;no;no;no;no;drivers_license_number;1;medium;yes;no;train;Useful for testing ambiguous/OCR/context-heavy personal-data detection.
DOC-0412;training_evaluation_finding_0412.pdf;Training Evaluation;Teams Export;Anna Keller;anna.keller@bosch.example;2023-12-15;2026-04-19;1,96;"Training Evaluation (Filled)
Purpose: Example of a completed training feedback form.
Participant: Nina Beck
Course: Document Classification Workshop
Date: 15 Dec 2023
Content: 4/5
Trainer: 5/5
Material: 3/5
Additional Person Reference: Nina Beck
Email: nina.beck@bosch.example
Health / Accommodation Note: asked for ergonomic seating due to recurring back pain
Training Evaluation (Filled) - Review
Purpose: Example of a completed training feedback form.
Comments: Trainer excellent; slides were dense—provide a cheat sheet.
Recommendation: Add a short pre-read and a 15-min quiz.";yes;yes;yes;no;no;no;no;no;no;no;no;no;no;"first_name; last_name; email_address; health_data";4;hard;yes;no;train;Useful for testing ambiguous/OCR/context-heavy personal-data detection.
DOC-0413;training_evaluation_clean_0413.pdf;Training Evaluation;HR Archive;Maria Schmidt;maria.schmidt@bosch.example;2024-01-21;2026-06-08;7,71;"Training Evaluation (Filled)
Purpose: Example of a completed training feedback form.
Participant: Aggregated response group
Course: Data Protection Basics
Date: 21 Jan 2024
Content: 5/5
Trainer: 4/5
Material: 4/5
Training Evaluation (Filled) - Review
Purpose: Example of a completed training feedback form.
Comments: Department-level statistics only.
Recommendation: Repeat quarterly for new joiners.
Notes: Department aggregate only; no named participant, employee, manager, reviewer, or contact person is included.";no;no;no;no;no;no;no;no;no;no;no;no;no;;0;easy;no;no;train;Clean negative sample.
DOC-0414;training_evaluation_clean_0414.pdf;Training Evaluation;Teams Export;Priya Nair;priya.nair@bosch.example;2024-02-27;2026-07-28;8,52;"Training Evaluation
Purpose: Evaluate training.
Name: ______
Course: ______
Rating: ______
Training Evaluation
Purpose: Evaluate training.
Comments: ______
Recommendation: ______
Notes: Supplier company contact is a generic mailbox and business address, not an individual person's details.";no;no;no;no;no;no;no;no;no;no;no;no;no;;0;easy;no;no;train;Clean negative sample.
DOC-0415;training_evaluation_clean_0415.pdf;Training Evaluation;HR Archive;Anna Keller;anna.keller@bosch.example;2024-04-04;2026-09-16;6,22;"Training Evaluation
Purpose: Evaluate training.
Name: ______
Course: ______
Rating: ______
Training Evaluation
Purpose: Evaluate training.
Comments: ______
Recommendation: ______
Notes: Supplier company contact is a generic mailbox and business address, not an individual person's details.";no;no;no;no;no;no;no;no;no;no;no;no;no;;0;easy;no;no;train;Clean negative sample.
DOC-0416;training_evaluation_clean_0416.pdf;Training Evaluation;Teams Export;Jonas Fischer;jonas.fischer@bosch.example;2024-05-11;2024-05-19;6,75;"Training Evaluation (Filled)
Purpose: Example of a completed training feedback form.
Participant: Aggregated response group
Course: Document Classification Workshop
Date: 11 May 2024
Content: 4/5
Trainer: 5/5
Material: 3/5
Training Evaluation (Filled) - Review
Purpose: Example of a completed training feedback form.
Comments: Department-level statistics only.
Recommendation: Add a short pre-read and a 15-min quiz.
Notes: Department aggregate only; no named participant, employee, manager, reviewer, or contact person is included.";no;no;no;no;no;no;no;no;no;no;no;no;no;;0;easy;no;no;train;Clean negative sample.
DOC-0417;training_evaluation_clean_0417.pdf;Training Evaluation;Shared Drive;Anna Keller;anna.keller@bosch.example;2024-06-17;2024-07-08;2,07;"Training Evaluation
Purpose: Evaluate training.
Name: ______
Course: ______
Rating: ______
Training Evaluation
Purpose: Evaluate training.
Comments: ______
Recommendation: ______
Notes: Travel appears as Category: Travel, but there is no traveler history or destination list.";no;no;no;no;no;no;no;no;no;no;no;no;no;;0;hard;yes;no;train;Negative edge case: looks sensitive but should be no personal data.
DOC-0418;training_evaluation_clean_0418.pdf;Training Evaluation;Shared Drive;Anna Keller;anna.keller@bosch.example;2024-07-24;2024-08-27;0,4;"Training Evaluation (Filled)
Purpose: Example of a completed training feedback form.
Participant: Aggregated response group
Course: Data Protection Basics
Date: 24 Jul 2024
Content: 5/5
Trainer: 4/5
Material: 4/5
Training Evaluation (Filled) - Review
Purpose: Example of a completed training feedback form.
Comments: Department-level statistics only.
Recommendation: Repeat quarterly for new joiners.
Notes: Training results are aggregated by course and do not contain individual comments from a participant.";no;no;no;no;no;no;no;no;no;no;no;no;no;;0;easy;no;no;train;Clean negative sample.
DOC-0419;training_evaluation_clean_0419.pdf;Training Evaluation;SharePoint;Tom Nguyen;tom.nguyen@bosch.example;2024-08-30;2024-10-16;2,94;"Training Evaluation (Filled)
Purpose: Example of a completed training feedback form.
Participant: Aggregated response group
Course: Data Protection Basics
Date: 30 Aug 2024
Content: 5/5
Trainer: 4/5
Material: 4/5
Training Evaluation (Filled) - Review
Purpose: Example of a completed training feedback form.
Comments: Department-level statistics only.
Recommendation: Repeat quarterly for new joiners.
Notes: Role-based labels only, such as Team Lead, Facility Coordinator, Procurement Ops, or IT Service Desk.";no;no;no;no;no;no;no;no;no;no;no;no;no;;0;easy;no;no;train;Clean negative sample.
DOC-0420;training_evaluation_clean_0420.pdf;Training Evaluation;HR Archive;Jonas Fischer;jonas.fischer@bosch.example;2024-10-06;2024-12-05;1,57;"Training Evaluation
Purpose: Evaluate training.
Name: ______
Course: ______
Rating: ______
Training Evaluation
Purpose: Evaluate training.
Comments: ______
Recommendation: ______
Notes: Blank template fields remain underscores only, matching the unfilled PDF examples.";no;no;no;no;no;no;no;no;no;no;no;no;no;;0;easy;no;no;train;Clean negative sample.
DOC-0421;training_evaluation_clean_0421.pdf;Training Evaluation;Teams Export;Lukas Weber;lukas.weber@bosch.example;2024-11-12;2025-01-24;1,49;"Training Evaluation (Filled)
Purpose: Example of a completed training feedback form.
Participant: Aggregated response group
Course: Document Classification Workshop
Date: 12 Nov 2024
Content: 4/5
Trainer: 5/5
Material: 3/5
Training Evaluation (Filled) - Review
Purpose: Example of a completed training feedback form.
Comments: Department-level statistics only.
Recommendation: Add a short pre-read and a 15-min quiz.
Notes: Supplier company contact is a generic mailbox and business address, not an individual person's details.";no;no;no;no;no;no;no;no;no;no;no;no;no;;0;easy;no;no;train;Clean negative sample.
DOC-0422;training_evaluation_clean_0422.pdf;Training Evaluation;SharePoint;Max Wagner;max.wagner@bosch.example;2024-12-19;2025-03-15;1,85;"Training Evaluation (Filled)
Purpose: Example of a completed training feedback form.
Participant: Aggregated response group
Course: Data Protection Basics
Date: 19 Dec 2024
Content: 5/5
Trainer: 4/5
Material: 4/5
Training Evaluation (Filled) - Review
Purpose: Example of a completed training feedback form.
Comments: Department-level statistics only.
Recommendation: Repeat quarterly for new joiners.
Notes: Department aggregate only; no named participant, employee, manager, reviewer, or contact person is included.";no;no;no;no;no;no;no;no;no;no;no;no;no;;0;easy;no;no;train;Clean negative sample.
DOC-0423;training_evaluation_clean_0423.pdf;Training Evaluation;HR Archive;Jonas Fischer;jonas.fischer@bosch.example;2025-01-25;2025-05-04;7,49;"Training Evaluation (Filled)
Purpose: Example of a completed training feedback form.
Participant: Aggregated response group
Course: Document Classification Workshop
Date: 25 Jan 2025
Content: 4/5
Trainer: 5/5
Material: 3/5
Training Evaluation (Filled) - Review
Purpose: Example of a completed training feedback form.
Comments: Department-level statistics only.
Recommendation: Add a short pre-read and a 15-min quiz.
Notes: Department aggregate only; no named participant, employee, manager, reviewer, or contact person is included.";no;no;no;no;no;no;no;no;no;no;no;no;no;;0;easy;no;no;train;Clean negative sample.
DOC-0424;training_evaluation_clean_0424.pdf;Training Evaluation;SharePoint;Maria Schmidt;maria.schmidt@bosch.example;2025-03-03;2025-06-23;6,54;"Training Evaluation (Filled)
Purpose: Example of a completed training feedback form.
Participant: Aggregated response group
Course: Data Protection Basics
Date: 03 Mar 2025
Content: 5/5
Trainer: 4/5
Material: 4/5
Training Evaluation (Filled) - Review
Purpose: Example of a completed training feedback form.
Comments: Department-level statistics only.
Recommendation: Repeat quarterly for new joiners.
Notes: Department aggregate only; no named participant, employee, manager, reviewer, or contact person is included.";no;no;no;no;no;no;no;no;no;no;no;no;no;;0;easy;no;no;train;Clean negative sample.
DOC-0425;training_evaluation_clean_0425.pdf;Training Evaluation;OneDrive;Priya Nair;priya.nair@bosch.example;2025-04-09;2025-08-12;7,03;"Training Evaluation (Filled)
Purpose: Example of a completed training feedback form.
Participant: Aggregated response group
Course: Data Protection Basics
Date: 09 Apr 2025
Content: 5/5
Trainer: 4/5
Material: 4/5
Training Evaluation (Filled) - Review
Purpose: Example of a completed training feedback form.
Comments: Department-level statistics only.
Recommendation: Repeat quarterly for new joiners.
Notes: Supplier company contact is a generic mailbox and business address, not an individual person's details.";no;no;no;no;no;no;no;no;no;no;no;no;no;;0;easy;no;no;train;Clean negative sample.
DOC-0426;training_evaluation_clean_0426.pdf;Training Evaluation;Teams Export;Anna Keller;anna.keller@bosch.example;2025-05-16;2025-10-01;1,27;"Training Evaluation (Filled)
Purpose: Example of a completed training feedback form.
Participant: Aggregated response group
Course: Document Classification Workshop
Date: 16 May 2025
Content: 4/5
Trainer: 5/5
Material: 3/5
Training Evaluation (Filled) - Review
Purpose: Example of a completed training feedback form.
Comments: Department-level statistics only.
Recommendation: Add a short pre-read and a 15-min quiz.
Notes: Department aggregate only; no named participant, employee, manager, reviewer, or contact person is included.";no;no;no;no;no;no;no;no;no;no;no;no;no;;0;easy;no;no;train;Clean negative sample.
DOC-0427;training_evaluation_clean_0427.pdf;Training Evaluation;HR Archive;Anna Keller;anna.keller@bosch.example;2025-06-22;2025-11-20;2,43;"Training Evaluation (Filled)
Purpose: Example of a completed training feedback form.
Participant: Aggregated response group
Course: Document Classification Workshop
Date: 22 Jun 2025
Content: 4/5
Trainer: 5/5
Material: 3/5
Training Evaluation (Filled) - Review
Purpose: Example of a completed training feedback form.
Comments: Department-level statistics only.
Recommendation: Add a short pre-read and a 15-min quiz.
Notes: Training results are aggregated by course and do not contain individual comments from a participant.";no;no;no;no;no;no;no;no;no;no;no;no;no;;0;easy;no;no;train;Clean negative sample.
DOC-0428;training_evaluation_clean_0428.pdf;Training Evaluation;Shared Drive;Jonas Fischer;jonas.fischer@bosch.example;2025-07-29;2026-01-09;6,19;"Training Evaluation
Purpose: Evaluate training.
Name: ______
Course: ______
Rating: ______
Training Evaluation
Purpose: Evaluate training.
Comments: ______
Recommendation: ______
Notes: Department aggregate only; no named participant, employee, manager, reviewer, or contact person is included.";no;no;no;no;no;no;no;no;no;no;no;no;no;;0;easy;no;no;train;Clean negative sample.
DOC-0429;training_evaluation_clean_0429.pdf;Training Evaluation;OneDrive;Sofia Hartmann;sofia.hartmann@bosch.example;2025-09-04;2026-02-28;3,3;"Training Evaluation (Filled)
Purpose: Example of a completed training feedback form.
Participant: Aggregated response group
Course: Data Protection Basics
Date: 04 Sept 2025
Content: 5/5
Trainer: 4/5
Material: 4/5
Training Evaluation (Filled) - Review
Purpose: Example of a completed training feedback form.
Comments: Department-level statistics only.
Recommendation: Repeat quarterly for new joiners.
Notes: Blank template fields remain underscores only, matching the unfilled PDF examples.";no;no;no;no;no;no;no;no;no;no;no;no;no;;0;easy;no;no;train;Clean negative sample.
DOC-0430;training_evaluation_clean_0430.pdf;Training Evaluation;HR Archive;Elena Hoffmann;elena.hoffmann@bosch.example;2025-10-11;2026-04-19;2,34;"Training Evaluation
Purpose: Evaluate training.
Name: ______
Course: ______
Rating: ______
Training Evaluation
Purpose: Evaluate training.
Comments: ______
Recommendation: ______
Notes: Department aggregate only; no named participant, employee, manager, reviewer, or contact person is included.";no;no;no;no;no;no;no;no;no;no;no;no;no;;0;easy;no;no;train;Clean negative sample.
DOC-0431;training_evaluation_clean_0431.pdf;Training Evaluation;Shared Drive;Jonas Fischer;jonas.fischer@bosch.example;2025-11-17;2026-06-08;0,49;"Training Evaluation (Filled)
Purpose: Example of a completed training feedback form.
Participant: Aggregated response group
Course: Document Classification Workshop
Date: 17 Nov 2025
Content: 4/5
Trainer: 5/5
Material: 3/5
Training Evaluation (Filled) - Review
Purpose: Example of a completed training feedback form.
Comments: Department-level statistics only.
Recommendation: Add a short pre-read and a 15-min quiz.
Notes: Supplier company contact is a generic mailbox and business address, not an individual person's details.";no;no;no;no;no;no;no;no;no;no;no;no;no;;0;easy;no;no;train;Clean negative sample.
DOC-0432;training_evaluation_clean_0432.pdf;Training Evaluation;Shared Drive;Tom Nguyen;tom.nguyen@bosch.example;2025-12-24;2026-07-28;2,92;"Training Evaluation
Purpose: Evaluate training.
Name: ______
Course: ______
Rating: ______
Training Evaluation
Purpose: Evaluate training.
Comments: ______
Recommendation: ______
Notes: Department aggregate only; no named participant, employee, manager, reviewer, or contact person is included.";no;no;no;no;no;no;no;no;no;no;no;no;no;;0;easy;no;no;train;Clean negative sample.
DOC-0433;training_evaluation_clean_0433.pdf;Training Evaluation;HR Archive;Tom Nguyen;tom.nguyen@bosch.example;2026-01-30;2026-09-16;4,69;"Training Evaluation (Filled)
Purpose: Example of a completed training feedback form.
Participant: Aggregated response group
Course: Document Classification Workshop
Date: 30 Jan 2026
Content: 4/5
Trainer: 5/5
Material: 3/5
Training Evaluation (Filled) - Review
Purpose: Example of a completed training feedback form.
Comments: Department-level statistics only.
Recommendation: Add a short pre-read and a 15-min quiz.
Notes: Role-based labels only, such as Team Lead, Facility Coordinator, Procurement Ops, or IT Service Desk.";no;no;no;no;no;no;no;no;no;no;no;no;no;;0;easy;no;no;train;Clean negative sample.
DOC-0434;training_evaluation_clean_0434.pdf;Training Evaluation;OneDrive;Noah Becker;noah.becker@bosch.example;2026-03-08;2026-11-05;6,58;"Training Evaluation (Filled)
Purpose: Example of a completed training feedback form.
Participant: Aggregated response group
Course: Document Classification Workshop
Date: 08 Mar 2026
Content: 4/5
Trainer: 5/5
Material: 3/5
Training Evaluation (Filled) - Review
Purpose: Example of a completed training feedback form.
Comments: Department-level statistics only.
Recommendation: Add a short pre-read and a 15-min quiz.
Notes: Contact is procurement@example-supplier.test, a generic functional mailbox rather than a person's email.";no;no;no;no;no;no;no;no;no;no;no;no;no;;0;hard;yes;no;train;Negative edge case: looks sensitive but should be no personal data.
DOC-0435;training_evaluation_clean_0435.pdf;Training Evaluation;Shared Drive;Jonas Fischer;jonas.fischer@bosch.example;2026-04-14;2026-12-25;6,97;"Training Evaluation
Purpose: Evaluate training.
Name: ______
Course: ______
Rating: ______
Training Evaluation
Purpose: Evaluate training.
Comments: ______
Recommendation: ______
Notes: Role-based labels only, such as Team Lead, Facility Coordinator, Procurement Ops, or IT Service Desk.";no;no;no;no;no;no;no;no;no;no;no;no;no;;0;easy;no;no;train;Clean negative sample.
DOC-0436;training_evaluation_clean_0436.pdf;Training Evaluation;HR Archive;Priya Nair;priya.nair@bosch.example;2020-02-02;2020-10-27;5,23;"Training Evaluation
Purpose: Evaluate training.
Name: ______
Course: ______
Rating: ______
Training Evaluation
Purpose: Evaluate training.
Comments: ______
Recommendation: ______
Notes: Department aggregate only; no named participant, employee, manager, reviewer, or contact person is included.";no;no;no;no;no;no;no;no;no;no;no;no;no;;0;easy;no;yes;train;Clean negative sample.
DOC-0437;training_evaluation_clean_0437.pdf;Training Evaluation;Teams Export;Jonas Fischer;jonas.fischer@bosch.example;2020-03-10;2020-12-16;1,14;"Training Evaluation (Filled)
Purpose: Example of a completed training feedback form.
Participant: Aggregated response group
Course: Document Classification Workshop
Date: 10 Mar 2020
Content: 4/5
Trainer: 5/5
Material: 3/5
Training Evaluation (Filled) - Review
Purpose: Example of a completed training feedback form.
Comments: Department-level statistics only.
Recommendation: Add a short pre-read and a 15-min quiz.
Notes: Supplier company contact is a generic mailbox and business address, not an individual person's details.";no;no;no;no;no;no;no;no;no;no;no;no;no;;0;easy;no;yes;train;Clean negative sample.
DOC-0438;training_evaluation_clean_0438.pdf;Training Evaluation;HR Archive;Jonas Fischer;jonas.fischer@bosch.example;2020-04-16;2021-02-04;6,79;"Training Evaluation (Filled)
Purpose: Example of a completed training feedback form.
Participant: Aggregated response group
Course: Data Protection Basics
Date: 16 Apr 2020
Content: 5/5
Trainer: 4/5
Material: 4/5
Training Evaluation (Filled) - Review
Purpose: Example of a completed training feedback form.
Comments: Department-level statistics only.
Recommendation: Repeat quarterly for new joiners.
Notes: Blank template fields remain underscores only, matching the unfilled PDF examples.";no;no;no;no;no;no;no;no;no;no;no;no;no;;0;easy;no;yes;train;Clean negative sample.
DOC-0439;training_evaluation_clean_0439.pdf;Training Evaluation;OneDrive;Max Wagner;max.wagner@bosch.example;2020-05-23;2021-03-26;4,89;"Training Evaluation (Filled)
Purpose: Example of a completed training feedback form.
Participant: Aggregated response group
Course: Document Classification Workshop
Date: 23 May 2020
Content: 4/5
Trainer: 5/5
Material: 3/5
Training Evaluation (Filled) - Review
Purpose: Example of a completed training feedback form.
Comments: Department-level statistics only.
Recommendation: Add a short pre-read and a 15-min quiz.
Notes: Blank template fields remain underscores only, matching the unfilled PDF examples.";no;no;no;no;no;no;no;no;no;no;no;no;no;;0;easy;no;yes;train;Clean negative sample.
DOC-0440;training_evaluation_clean_0440.pdf;Training Evaluation;OneDrive;Max Wagner;max.wagner@bosch.example;2020-06-29;2021-05-15;0,89;"Training Evaluation (Filled)
Purpose: Example of a completed training feedback form.
Participant: Aggregated response group
Course: Document Classification Workshop
Date: 29 Jun 2020
Content: 4/5
Trainer: 5/5
Material: 3/5
Training Evaluation (Filled) - Review
Purpose: Example of a completed training feedback form.
Comments: Department-level statistics only.
Recommendation: Add a short pre-read and a 15-min quiz.
Notes: Blank template fields remain underscores only, matching the unfilled PDF examples.";no;no;no;no;no;no;no;no;no;no;no;no;no;;0;easy;no;yes;train;Clean negative sample.
DOC-0441;training_evaluation_clean_0441.pdf;Training Evaluation;SharePoint;Max Wagner;max.wagner@bosch.example;2020-08-05;2021-07-04;7,06;"Training Evaluation
Purpose: Evaluate training.
Name: ______
Course: ______
Rating: ______
Training Evaluation
Purpose: Evaluate training.
Comments: ______
Recommendation: ______
Notes: Blank template fields remain underscores only, matching the unfilled PDF examples.";no;no;no;no;no;no;no;no;no;no;no;no;no;;0;easy;no;yes;train;Clean negative sample.
DOC-0442;training_evaluation_clean_0442.pdf;Training Evaluation;OneDrive;Noah Becker;noah.becker@bosch.example;2020-09-11;2021-08-23;6,84;"Training Evaluation (Filled)
Purpose: Example of a completed training feedback form.
Participant: Aggregated response group
Course: Document Classification Workshop
Date: 11 Sept 2020
Content: 4/5
Trainer: 5/5
Material: 3/5
Training Evaluation (Filled) - Review
Purpose: Example of a completed training feedback form.
Comments: Department-level statistics only.
Recommendation: Add a short pre-read and a 15-min quiz.
Notes: Blank template fields remain underscores only, matching the unfilled PDF examples.";no;no;no;no;no;no;no;no;no;no;no;no;no;;0;easy;no;yes;train;Clean negative sample.
DOC-0443;training_evaluation_clean_0443.pdf;Training Evaluation;OneDrive;Elena Hoffmann;elena.hoffmann@bosch.example;2020-10-18;2021-10-12;8,69;"Training Evaluation (Filled)
Purpose: Example of a completed training feedback form.
Participant: Aggregated response group
Course: Data Protection Basics
Date: 18 Oct 2020
Content: 5/5
Trainer: 4/5
Material: 4/5
Training Evaluation (Filled) - Review
Purpose: Example of a completed training feedback form.
Comments: Department-level statistics only.
Recommendation: Repeat quarterly for new joiners.
Notes: Department aggregate only; no named participant, employee, manager, reviewer, or contact person is included.";no;no;no;no;no;no;no;no;no;no;no;no;no;;0;easy;no;yes;train;Clean negative sample.
DOC-0444;training_evaluation_clean_0444.pdf;Training Evaluation;OneDrive;Tom Nguyen;tom.nguyen@bosch.example;2020-11-24;2021-12-01;1,89;"Training Evaluation (Filled)
Purpose: Example of a completed training feedback form.
Participant: Aggregated response group
Course: Data Protection Basics
Date: 24 Nov 2020
Content: 5/5
Trainer: 4/5
Material: 4/5
Training Evaluation (Filled) - Review
Purpose: Example of a completed training feedback form.
Comments: Department-level statistics only.
Recommendation: Repeat quarterly for new joiners.
Notes: Supplier company contact is a generic mailbox and business address, not an individual person's details.";no;no;no;no;no;no;no;no;no;no;no;no;no;;0;easy;no;yes;train;Clean negative sample.
DOC-0445;training_evaluation_clean_0445.pdf;Training Evaluation;HR Archive;Jonas Fischer;jonas.fischer@bosch.example;2020-12-31;2022-01-20;6,51;"Training Evaluation
Purpose: Evaluate training.
Name: ______
Course: ______
Rating: ______
Training Evaluation
Purpose: Evaluate training.
Comments: ______
Recommendation: ______
Notes: Department aggregate only; no named participant, employee, manager, reviewer, or contact person is included.";no;no;no;no;no;no;no;no;no;no;no;no;no;;0;easy;no;yes;train;Clean negative sample.
DOC-0446;training_evaluation_clean_0446.pdf;Training Evaluation;HR Archive;Tom Nguyen;tom.nguyen@bosch.example;2021-02-06;2022-03-11;1,52;"Training Evaluation (Filled)
Purpose: Example of a completed training feedback form.
Participant: Aggregated response group
Course: Document Classification Workshop
Date: 06 Feb 2021
Content: 4/5
Trainer: 5/5
Material: 3/5
Training Evaluation (Filled) - Review
Purpose: Example of a completed training feedback form.
Comments: Department-level statistics only.
Recommendation: Add a short pre-read and a 15-min quiz.
Notes: Role-based labels only, such as Team Lead, Facility Coordinator, Procurement Ops, or IT Service Desk.";no;no;no;no;no;no;no;no;no;no;no;no;no;;0;easy;no;yes;train;Clean negative sample.
DOC-0447;training_evaluation_clean_0447.pdf;Training Evaluation;SharePoint;Max Wagner;max.wagner@bosch.example;2021-03-15;2022-04-30;4,77;"Training Evaluation
Purpose: Evaluate training.
Name: ______
Course: ______
Rating: ______
Training Evaluation
Purpose: Evaluate training.
Comments: ______
Recommendation: ______
Notes: Training results are aggregated by course and do not contain individual comments from a participant.";no;no;no;no;no;no;no;no;no;no;no;no;no;;0;easy;no;yes;train;Clean negative sample.
DOC-0448;training_evaluation_clean_0448.pdf;Training Evaluation;HR Archive;Jonas Fischer;jonas.fischer@bosch.example;2021-04-21;2022-06-19;1,15;"Training Evaluation (Filled)
Purpose: Example of a completed training feedback form.
Participant: Aggregated response group
Course: Data Protection Basics
Date: 21 Apr 2021
Content: 5/5
Trainer: 4/5
Material: 4/5
Training Evaluation (Filled) - Review
Purpose: Example of a completed training feedback form.
Comments: Department-level statistics only.
Recommendation: Repeat quarterly for new joiners.
Notes: Supplier company contact is a generic mailbox and business address, not an individual person's details.";no;no;no;no;no;no;no;no;no;no;no;no;no;;0;easy;no;yes;train;Clean negative sample.
DOC-0449;training_evaluation_clean_0449.pdf;Training Evaluation;Shared Drive;Sofia Hartmann;sofia.hartmann@bosch.example;2021-05-28;2022-08-08;6,39;"Training Evaluation (Filled)
Purpose: Example of a completed training feedback form.
Participant: Aggregated response group
Course: Document Classification Workshop
Date: 28 May 2021
Content: 4/5
Trainer: 5/5
Material: 3/5
Training Evaluation (Filled) - Review
Purpose: Example of a completed training feedback form.
Comments: Department-level statistics only.
Recommendation: Add a short pre-read and a 15-min quiz.
Notes: Role-based labels only, such as Team Lead, Facility Coordinator, Procurement Ops, or IT Service Desk.";no;no;no;no;no;no;no;no;no;no;no;no;no;;0;easy;no;yes;train;Clean negative sample.
DOC-0450;training_evaluation_clean_0450.pdf;Training Evaluation;HR Archive;Tom Nguyen;tom.nguyen@bosch.example;2021-07-04;2022-09-27;8,28;"Training Evaluation (Filled)
Purpose: Example of a completed training feedback form.
Participant: Aggregated response group
Course: Document Classification Workshop
Date: 04 Jul 2021
Content: 4/5
Trainer: 5/5
Material: 3/5
Training Evaluation (Filled) - Review
Purpose: Example of a completed training feedback form.
Comments: Department-level statistics only.
Recommendation: Add a short pre-read and a 15-min quiz.
Notes: Blank template fields remain underscores only, matching the unfilled PDF examples.";no;no;no;no;no;no;no;no;no;no;no;no;no;;0;easy;no;yes;train;Clean negative sample.
DOC-0451;training_evaluation_clean_0451.pdf;Training Evaluation;Shared Drive;Lukas Weber;lukas.weber@bosch.example;2021-08-10;2022-11-16;1,83;"Training Evaluation
Purpose: Evaluate training.
Name: ______
Course: ______
Rating: ______
Training Evaluation
Purpose: Evaluate training.
Comments: ______
Recommendation: ______
Notes: Photo upload policy is referenced, but no identifiable person's image or video is attached.";no;no;no;no;no;no;no;no;no;no;no;no;no;;0;hard;yes;yes;train;Negative edge case: looks sensitive but should be no personal data.
DOC-0452;training_evaluation_clean_0452.pdf;Training Evaluation;Shared Drive;Noah Becker;noah.becker@bosch.example;2021-09-16;2023-01-05;4,31;"Training Evaluation
Purpose: Evaluate training.
Name: ______
Course: ______
Rating: ______
Training Evaluation
Purpose: Evaluate training.
Comments: ______
Recommendation: ______
Notes: Supplier company contact is a generic mailbox and business address, not an individual person's details.";no;no;no;no;no;no;no;no;no;no;no;no;no;;0;easy;no;yes;train;Clean negative sample.
DOC-0453;training_evaluation_clean_0453.pdf;Training Evaluation;Teams Export;Maria Schmidt;maria.schmidt@bosch.example;2021-10-23;2023-02-24;7,35;"Training Evaluation
Purpose: Evaluate training.
Name: ______
Course: ______
Rating: ______
Training Evaluation
Purpose: Evaluate training.
Comments: ______
Recommendation: ______
Notes: Blank template fields remain underscores only, matching the unfilled PDF examples.";no;no;no;no;no;no;no;no;no;no;no;no;no;;0;easy;no;yes;train;Clean negative sample.
DOC-0454;training_evaluation_clean_0454.pdf;Training Evaluation;Teams Export;Lukas Weber;lukas.weber@bosch.example;2021-11-29;2023-04-15;8,66;"Training Evaluation
Purpose: Evaluate training.
Name: ______
Course: ______
Rating: ______
Training Evaluation
Purpose: Evaluate training.
Comments: ______
Recommendation: ______
Notes: Blank template fields remain underscores only, matching the unfilled PDF examples.";no;no;no;no;no;no;no;no;no;no;no;no;no;;0;easy;no;yes;train;Clean negative sample.
DOC-0455;training_evaluation_clean_0455.pdf;Training Evaluation;SharePoint;Max Wagner;max.wagner@bosch.example;2022-01-05;2023-06-04;1,14;"Training Evaluation
Purpose: Evaluate training.
Name: ______
Course: ______
Rating: ______
Training Evaluation
Purpose: Evaluate training.
Comments: ______
Recommendation: ______
Notes: Training results are aggregated by course and do not contain individual comments from a participant.";no;no;no;no;no;no;no;no;no;no;no;no;no;;0;easy;no;no;train;Clean negative sample.
DOC-0456;training_evaluation_clean_0456.pdf;Training Evaluation;HR Archive;Anna Keller;anna.keller@bosch.example;2022-02-11;2023-07-24;8,26;"Training Evaluation (Filled)
Purpose: Example of a completed training feedback form.
Participant: Aggregated response group
Course: Data Protection Basics
Date: 11 Feb 2022
Content: 5/5
Trainer: 4/5
Material: 4/5
Training Evaluation (Filled) - Review
Purpose: Example of a completed training feedback form.
Comments: Department-level statistics only.
Recommendation: Repeat quarterly for new joiners.
Notes: Blank template fields remain underscores only, matching the unfilled PDF examples.";no;no;no;no;no;no;no;no;no;no;no;no;no;;0;easy;no;no;train;Clean negative sample.
DOC-0457;training_evaluation_clean_0457.pdf;Training Evaluation;HR Archive;Noah Becker;noah.becker@bosch.example;2022-03-20;2023-09-12;2,31;"Training Evaluation (Filled)
Purpose: Example of a completed training feedback form.
Participant: Aggregated response group
Course: Document Classification Workshop
Date: 20 Mar 2022
Content: 4/5
Trainer: 5/5
Material: 3/5
Training Evaluation (Filled) - Review
Purpose: Example of a completed training feedback form.
Comments: Department-level statistics only.
Recommendation: Add a short pre-read and a 15-min quiz.
Notes: Training results are aggregated by course and do not contain individual comments from a participant.";no;no;no;no;no;no;no;no;no;no;no;no;no;;0;easy;no;no;train;Clean negative sample.
DOC-0458;training_evaluation_clean_0458.pdf;Training Evaluation;Teams Export;Tom Nguyen;tom.nguyen@bosch.example;2022-04-26;2023-11-01;4,75;"Training Evaluation (Filled)
Purpose: Example of a completed training feedback form.
Participant: Aggregated response group
Course: Document Classification Workshop
Date: 26 Apr 2022
Content: 4/5
Trainer: 5/5
Material: 3/5
Training Evaluation (Filled) - Review
Purpose: Example of a completed training feedback form.
Comments: Department-level statistics only.
Recommendation: Add a short pre-read and a 15-min quiz.
Notes: Training results are aggregated by course and do not contain individual comments from a participant.";no;no;no;no;no;no;no;no;no;no;no;no;no;;0;easy;no;no;train;Clean negative sample.
DOC-0459;training_evaluation_clean_0459.pdf;Training Evaluation;HR Archive;Elena Hoffmann;elena.hoffmann@bosch.example;2022-06-02;2023-12-21;3,3;"Training Evaluation (Filled)
Purpose: Example of a completed training feedback form.
Participant: Aggregated response group
Course: Document Classification Workshop
Date: 02 Jun 2022
Content: 4/5
Trainer: 5/5
Material: 3/5
Training Evaluation (Filled) - Review
Purpose: Example of a completed training feedback form.
Comments: Department-level statistics only.
Recommendation: Add a short pre-read and a 15-min quiz.
Notes: Training results are aggregated by course and do not contain individual comments from a participant.";no;no;no;no;no;no;no;no;no;no;no;no;no;;0;easy;no;no;train;Clean negative sample.
DOC-0460;training_evaluation_clean_0460.pdf;Training Evaluation;HR Archive;Sofia Hartmann;sofia.hartmann@bosch.example;2022-07-09;2024-02-09;7,27;"Training Evaluation (Filled)
Purpose: Example of a completed training feedback form.
Participant: Aggregated response group
Course: Data Protection Basics
Date: 09 Jul 2022
Content: 5/5
Trainer: 4/5
Material: 4/5
Training Evaluation (Filled) - Review
Purpose: Example of a completed training feedback form.
Comments: Department-level statistics only.
Recommendation: Repeat quarterly for new joiners.
Notes: Role-based labels only, such as Team Lead, Facility Coordinator, Procurement Ops, or IT Service Desk.";no;no;no;no;no;no;no;no;no;no;no;no;no;;0;easy;no;no;train;Clean negative sample.
DOC-0461;training_evaluation_clean_0461.pdf;Training Evaluation;Shared Drive;Anna Keller;anna.keller@bosch.example;2022-08-15;2024-03-30;7,32;"Training Evaluation
Purpose: Evaluate training.
Name: ______
Course: ______
Rating: ______
Training Evaluation
Purpose: Evaluate training.
Comments: ______
Recommendation: ______
Notes: Supplier company contact is a generic mailbox and business address, not an individual person's details.";no;no;no;no;no;no;no;no;no;no;no;no;no;;0;easy;no;no;train;Clean negative sample.
DOC-0462;training_evaluation_clean_0462.pdf;Training Evaluation;OneDrive;Jonas Fischer;jonas.fischer@bosch.example;2022-09-21;2024-05-19;7,25;"Training Evaluation (Filled)
Purpose: Example of a completed training feedback form.
Participant: Aggregated response group
Course: Data Protection Basics
Date: 21 Sept 2022
Content: 5/5
Trainer: 4/5
Material: 4/5
Training Evaluation (Filled) - Review
Purpose: Example of a completed training feedback form.
Comments: Department-level statistics only.
Recommendation: Repeat quarterly for new joiners.
Notes: Department aggregate only; no named participant, employee, manager, reviewer, or contact person is included.";no;no;no;no;no;no;no;no;no;no;no;no;no;;0;easy;no;no;train;Clean negative sample.
DOC-0463;training_evaluation_clean_0463.pdf;Training Evaluation;HR Archive;Lukas Weber;lukas.weber@bosch.example;2022-10-28;2024-07-08;7,27;"Training Evaluation
Purpose: Evaluate training.
Name: ______
Course: ______
Rating: ______
Training Evaluation
Purpose: Evaluate training.
Comments: ______
Recommendation: ______
Notes: Training results are aggregated by course and do not contain individual comments from a participant.";no;no;no;no;no;no;no;no;no;no;no;no;no;;0;easy;no;no;train;Clean negative sample.
DOC-0464;training_evaluation_clean_0464.pdf;Training Evaluation;HR Archive;Lukas Weber;lukas.weber@bosch.example;2022-12-04;2024-08-27;8,04;"Training Evaluation
Purpose: Evaluate training.
Name: ______
Course: ______
Rating: ______
Training Evaluation
Purpose: Evaluate training.
Comments: ______
Recommendation: ______
Notes: Training results are aggregated by course and do not contain individual comments from a participant.";no;no;no;no;no;no;no;no;no;no;no;no;no;;0;easy;no;no;train;Clean negative sample.
DOC-0465;training_evaluation_clean_0465.pdf;Training Evaluation;Shared Drive;Jonas Fischer;jonas.fischer@bosch.example;2023-01-10;2024-10-16;4,71;"Training Evaluation
Purpose: Evaluate training.
Name: ______
Course: ______
Rating: ______
Training Evaluation
Purpose: Evaluate training.
Comments: ______
Recommendation: ______
Notes: Role-based labels only, such as Team Lead, Facility Coordinator, Procurement Ops, or IT Service Desk.";no;no;no;no;no;no;no;no;no;no;no;no;no;;0;easy;no;no;train;Clean negative sample.
DOC-0466;training_evaluation_clean_0466.pdf;Training Evaluation;SharePoint;Jonas Fischer;jonas.fischer@bosch.example;2023-02-16;2024-12-05;1,42;"Training Evaluation (Filled)
Purpose: Example of a completed training feedback form.
Participant: Aggregated response group
Course: Data Protection Basics
Date: 16 Feb 2023
Content: 5/5
Trainer: 4/5
Material: 4/5
Training Evaluation (Filled) - Review
Purpose: Example of a completed training feedback form.
Comments: Department-level statistics only.
Recommendation: Repeat quarterly for new joiners.
Notes: Training results are aggregated by course and do not contain individual comments from a participant.";no;no;no;no;no;no;no;no;no;no;no;no;no;;0;easy;no;no;train;Clean negative sample.
DOC-0467;training_evaluation_clean_0467.pdf;Training Evaluation;Shared Drive;Max Wagner;max.wagner@bosch.example;2023-03-25;2025-01-24;6,39;"Training Evaluation
Purpose: Evaluate training.
Name: ______
Course: ______
Rating: ______
Training Evaluation
Purpose: Evaluate training.
Comments: ______
Recommendation: ______
Notes: Role-based labels only, such as Team Lead, Facility Coordinator, Procurement Ops, or IT Service Desk.";no;no;no;no;no;no;no;no;no;no;no;no;no;;0;easy;no;no;train;Clean negative sample.
DOC-0468;training_evaluation_clean_0468.pdf;Training Evaluation;Teams Export;Noah Becker;noah.becker@bosch.example;2023-05-01;2025-03-15;5,97;"Training Evaluation (Filled)
Purpose: Example of a completed training feedback form.
Participant: Aggregated response group
Course: Document Classification Workshop
Date: 01 May 2023
Content: 4/5
Trainer: 5/5
Material: 3/5
Training Evaluation (Filled) - Review
Purpose: Example of a completed training feedback form.
Comments: Department-level statistics only.
Recommendation: Add a short pre-read and a 15-min quiz.
Notes: The word passport appears in 'passport control strategy' but does not identify a person.";no;no;no;no;no;no;no;no;no;no;no;no;no;;0;hard;yes;no;train;Negative edge case: looks sensitive but should be no personal data.
DOC-0469;training_evaluation_clean_0469.pdf;Training Evaluation;OneDrive;Anna Keller;anna.keller@bosch.example;2023-06-07;2025-05-04;5,33;"Training Evaluation (Filled)
Purpose: Example of a completed training feedback form.
Participant: Aggregated response group
Course: Data Protection Basics
Date: 07 Jun 2023
Content: 5/5
Trainer: 4/5
Material: 4/5
Training Evaluation (Filled) - Review
Purpose: Example of a completed training feedback form.
Comments: Department-level statistics only.
Recommendation: Repeat quarterly for new joiners.
Notes: Department aggregate only; no named participant, employee, manager, reviewer, or contact person is included.";no;no;no;no;no;no;no;no;no;no;no;no;no;;0;easy;no;no;train;Clean negative sample.
DOC-0470;training_evaluation_clean_0470.pdf;Training Evaluation;OneDrive;Noah Becker;noah.becker@bosch.example;2023-07-14;2025-06-23;4,25;"Training Evaluation (Filled)
Purpose: Example of a completed training feedback form.
Participant: Aggregated response group
Course: Data Protection Basics
Date: 14 Jul 2023
Content: 5/5
Trainer: 4/5
Material: 4/5
Training Evaluation (Filled) - Review
Purpose: Example of a completed training feedback form.
Comments: Department-level statistics only.
Recommendation: Repeat quarterly for new joiners.
Notes: Supplier company contact is a generic mailbox and business address, not an individual person's details.";no;no;no;no;no;no;no;no;no;no;no;no;no;;0;easy;no;no;train;Clean negative sample.
DOC-0471;training_evaluation_clean_0471.pdf;Training Evaluation;OneDrive;Jonas Fischer;jonas.fischer@bosch.example;2023-08-20;2025-08-12;2,49;"Training Evaluation (Filled)
Purpose: Example of a completed training feedback form.
Participant: Aggregated response group
Course: Document Classification Workshop
Date: 20 Aug 2023
Content: 4/5
Trainer: 5/5
Material: 3/5
Training Evaluation (Filled) - Review
Purpose: Example of a completed training feedback form.
Comments: Department-level statistics only.
Recommendation: Add a short pre-read and a 15-min quiz.
Notes: Training results are aggregated by course and do not contain individual comments from a participant.";no;no;no;no;no;no;no;no;no;no;no;no;no;;0;easy;no;no;validation;Clean negative sample.
DOC-0472;training_evaluation_clean_0472.pdf;Training Evaluation;Shared Drive;Sofia Hartmann;sofia.hartmann@bosch.example;2023-09-26;2025-10-01;1,32;"Training Evaluation (Filled)
Purpose: Example of a completed training feedback form.
Participant: Aggregated response group
Course: Data Protection Basics
Date: 26 Sept 2023
Content: 5/5
Trainer: 4/5
Material: 4/5
Training Evaluation (Filled) - Review
Purpose: Example of a completed training feedback form.
Comments: Department-level statistics only.
Recommendation: Repeat quarterly for new joiners.
Notes: Role-based labels only, such as Team Lead, Facility Coordinator, Procurement Ops, or IT Service Desk.";no;no;no;no;no;no;no;no;no;no;no;no;no;;0;easy;no;no;validation;Clean negative sample.
DOC-0473;training_evaluation_clean_0473.pdf;Training Evaluation;Shared Drive;Max Wagner;max.wagner@bosch.example;2023-11-02;2025-11-20;1,5;"Training Evaluation (Filled)
Purpose: Example of a completed training feedback form.
Participant: Aggregated response group
Course: Document Classification Workshop
Date: 02 Nov 2023
Content: 4/5
Trainer: 5/5
Material: 3/5
Training Evaluation (Filled) - Review
Purpose: Example of a completed training feedback form.
Comments: Department-level statistics only.
Recommendation: Add a short pre-read and a 15-min quiz.
Notes: Department aggregate only; no named participant, employee, manager, reviewer, or contact person is included.";no;no;no;no;no;no;no;no;no;no;no;no;no;;0;easy;no;no;validation;Clean negative sample.
DOC-0474;training_evaluation_clean_0474.pdf;Training Evaluation;Shared Drive;Lukas Weber;lukas.weber@bosch.example;2023-12-09;2026-01-09;4,69;"Training Evaluation
Purpose: Evaluate training.
Name: ______
Course: ______
Rating: ______
Training Evaluation
Purpose: Evaluate training.
Comments: ______
Recommendation: ______
Notes: Role-based labels only, such as Team Lead, Facility Coordinator, Procurement Ops, or IT Service Desk.";no;no;no;no;no;no;no;no;no;no;no;no;no;;0;easy;no;no;validation;Clean negative sample.
DOC-0475;training_evaluation_clean_0475.pdf;Training Evaluation;HR Archive;Lukas Weber;lukas.weber@bosch.example;2024-01-15;2026-02-28;3,65;"Training Evaluation
Purpose: Evaluate training.
Name: ______
Course: ______
Rating: ______
Training Evaluation
Purpose: Evaluate training.
Comments: ______
Recommendation: ______
Notes: Role-based labels only, such as Team Lead, Facility Coordinator, Procurement Ops, or IT Service Desk.";no;no;no;no;no;no;no;no;no;no;no;no;no;;0;easy;no;no;validation;Clean negative sample.
DOC-0476;training_evaluation_clean_0476.pdf;Training Evaluation;SharePoint;Jonas Fischer;jonas.fischer@bosch.example;2024-02-21;2026-04-19;7,33;"Training Evaluation (Filled)
Purpose: Example of a completed training feedback form.
Participant: Aggregated response group
Course: Document Classification Workshop
Date: 21 Feb 2024
Content: 4/5
Trainer: 5/5
Material: 3/5
Training Evaluation (Filled) - Review
Purpose: Example of a completed training feedback form.
Comments: Department-level statistics only.
Recommendation: Add a short pre-read and a 15-min quiz.
Notes: Blank template fields remain underscores only, matching the unfilled PDF examples.";no;no;no;no;no;no;no;no;no;no;no;no;no;;0;easy;no;no;validation;Clean negative sample.
DOC-0477;training_evaluation_clean_0477.pdf;Training Evaluation;Shared Drive;Maria Schmidt;maria.schmidt@bosch.example;2024-03-29;2026-06-08;3,37;"Training Evaluation
Purpose: Evaluate training.
Name: ______
Course: ______
Rating: ______
Training Evaluation
Purpose: Evaluate training.
Comments: ______
Recommendation: ______
Notes: Supplier company contact is a generic mailbox and business address, not an individual person's details.";no;no;no;no;no;no;no;no;no;no;no;no;no;;0;easy;no;no;validation;Clean negative sample.
DOC-0478;training_evaluation_clean_0478.pdf;Training Evaluation;OneDrive;Anna Keller;anna.keller@bosch.example;2024-05-05;2026-07-28;4,09;"Training Evaluation (Filled)
Purpose: Example of a completed training feedback form.
Participant: Aggregated response group
Course: Document Classification Workshop
Date: 05 May 2024
Content: 4/5
Trainer: 5/5
Material: 3/5
Training Evaluation (Filled) - Review
Purpose: Example of a completed training feedback form.
Comments: Department-level statistics only.
Recommendation: Add a short pre-read and a 15-min quiz.
Notes: Department aggregate only; no named participant, employee, manager, reviewer, or contact person is included.";no;no;no;no;no;no;no;no;no;no;no;no;no;;0;easy;no;no;validation;Clean negative sample.
DOC-0479;training_evaluation_clean_0479.pdf;Training Evaluation;OneDrive;Sofia Hartmann;sofia.hartmann@bosch.example;2024-06-11;2026-09-16;7,52;"Training Evaluation (Filled)
Purpose: Example of a completed training feedback form.
Participant: Aggregated response group
Course: Document Classification Workshop
Date: 11 Jun 2024
Content: 4/5
Trainer: 5/5
Material: 3/5
Training Evaluation (Filled) - Review
Purpose: Example of a completed training feedback form.
Comments: Department-level statistics only.
Recommendation: Add a short pre-read and a 15-min quiz.
Notes: Blank template fields remain underscores only, matching the unfilled PDF examples.";no;no;no;no;no;no;no;no;no;no;no;no;no;;0;easy;no;no;validation;Clean negative sample.
DOC-0480;training_evaluation_clean_0480.pdf;Training Evaluation;SharePoint;Tom Nguyen;tom.nguyen@bosch.example;2024-07-18;2026-11-05;2,09;"Training Evaluation
Purpose: Evaluate training.
Name: ______
Course: ______
Rating: ______
Training Evaluation
Purpose: Evaluate training.
Comments: ______
Recommendation: ______
Notes: Role-based labels only, such as Team Lead, Facility Coordinator, Procurement Ops, or IT Service Desk.";no;no;no;no;no;no;no;no;no;no;no;no;no;;0;easy;no;no;validation;Clean negative sample.
DOC-0481;training_evaluation_clean_0481.pdf;Training Evaluation;Teams Export;Tom Nguyen;tom.nguyen@bosch.example;2024-08-24;2026-12-25;6,8;"Training Evaluation (Filled)
Purpose: Example of a completed training feedback form.
Participant: Aggregated response group
Course: Document Classification Workshop
Date: 24 Aug 2024
Content: 4/5
Trainer: 5/5
Material: 3/5
Training Evaluation (Filled) - Review
Purpose: Example of a completed training feedback form.
Comments: Department-level statistics only.
Recommendation: Add a short pre-read and a 15-min quiz.
Notes: Blank template fields remain underscores only, matching the unfilled PDF examples.";no;no;no;no;no;no;no;no;no;no;no;no;no;;0;easy;no;no;validation;Clean negative sample.
DOC-0482;training_evaluation_clean_0482.pdf;Training Evaluation;Teams Export;Maria Schmidt;maria.schmidt@bosch.example;2024-09-30;2027-02-13;6,63;"Training Evaluation
Purpose: Evaluate training.
Name: ______
Course: ______
Rating: ______
Training Evaluation
Purpose: Evaluate training.
Comments: ______
Recommendation: ______
Notes: Supplier company contact is a generic mailbox and business address, not an individual person's details.";no;no;no;no;no;no;no;no;no;no;no;no;no;;0;easy;no;no;validation;Clean negative sample.
DOC-0483;training_evaluation_clean_0483.pdf;Training Evaluation;Shared Drive;Max Wagner;max.wagner@bosch.example;2024-11-06;2027-04-04;4,3;"Training Evaluation (Filled)
Purpose: Example of a completed training feedback form.
Participant: Aggregated response group
Course: Document Classification Workshop
Date: 06 Nov 2024
Content: 4/5
Trainer: 5/5
Material: 3/5
Training Evaluation (Filled) - Review
Purpose: Example of a completed training feedback form.
Comments: Department-level statistics only.
Recommendation: Add a short pre-read and a 15-min quiz.
Notes: Supplier company contact is a generic mailbox and business address, not an individual person's details.";no;no;no;no;no;no;no;no;no;no;no;no;no;;0;easy;no;no;validation;Clean negative sample.
DOC-0484;training_evaluation_clean_0484.pdf;Training Evaluation;Shared Drive;Priya Nair;priya.nair@bosch.example;2024-12-13;2027-05-24;3,67;"Training Evaluation
Purpose: Evaluate training.
Name: ______
Course: ______
Rating: ______
Training Evaluation
Purpose: Evaluate training.
Comments: ______
Recommendation: ______
Notes: Role-based labels only, such as Team Lead, Facility Coordinator, Procurement Ops, or IT Service Desk.";no;no;no;no;no;no;no;no;no;no;no;no;no;;0;easy;no;no;validation;Clean negative sample.
DOC-0485;training_evaluation_clean_0485.pdf;Training Evaluation;HR Archive;Elena Hoffmann;elena.hoffmann@bosch.example;2025-01-19;2025-01-24;0,85;"Training Evaluation (Filled)
Purpose: Example of a completed training feedback form.
Participant: Aggregated response group
Course: Document Classification Workshop
Date: 19 Jan 2025
Content: 4/5
Trainer: 5/5
Material: 3/5
Training Evaluation (Filled) - Review
Purpose: Example of a completed training feedback form.
Comments: Department-level statistics only.
Recommendation: Add a short pre-read and a 15-min quiz.
Notes: Travel appears as Category: Travel, but there is no traveler history or destination list.";no;no;no;no;no;no;no;no;no;no;no;no;no;;0;hard;yes;no;validation;Negative edge case: looks sensitive but should be no personal data.
DOC-0486;training_evaluation_clean_0486.pdf;Training Evaluation;Teams Export;Maria Schmidt;maria.schmidt@bosch.example;2025-02-25;2025-03-15;5,46;"Training Evaluation (Filled)
Purpose: Example of a completed training feedback form.
Participant: Aggregated response group
Course: Data Protection Basics
Date: 25 Feb 2025
Content: 5/5
Trainer: 4/5
Material: 4/5
Training Evaluation (Filled) - Review
Purpose: Example of a completed training feedback form.
Comments: Department-level statistics only.
Recommendation: Repeat quarterly for new joiners.
Notes: Department aggregate only; no named participant, employee, manager, reviewer, or contact person is included.";no;no;no;no;no;no;no;no;no;no;no;no;no;;0;easy;no;no;test;Clean negative sample.
DOC-0487;training_evaluation_clean_0487.pdf;Training Evaluation;SharePoint;Noah Becker;noah.becker@bosch.example;2025-04-03;2025-05-04;5,28;"Training Evaluation (Filled)
Purpose: Example of a completed training feedback form.
Participant: Aggregated response group
Course: Document Classification Workshop
Date: 03 Apr 2025
Content: 4/5
Trainer: 5/5
Material: 3/5
Training Evaluation (Filled) - Review
Purpose: Example of a completed training feedback form.
Comments: Department-level statistics only.
Recommendation: Add a short pre-read and a 15-min quiz.
Notes: Role-based labels only, such as Team Lead, Facility Coordinator, Procurement Ops, or IT Service Desk.";no;no;no;no;no;no;no;no;no;no;no;no;no;;0;easy;no;no;test;Clean negative sample.
DOC-0488;training_evaluation_clean_0488.pdf;Training Evaluation;HR Archive;Jonas Fischer;jonas.fischer@bosch.example;2025-05-10;2025-06-23;0,82;"Training Evaluation (Filled)
Purpose: Example of a completed training feedback form.
Participant: Aggregated response group
Course: Document Classification Workshop
Date: 10 May 2025
Content: 4/5
Trainer: 5/5
Material: 3/5
Training Evaluation (Filled) - Review
Purpose: Example of a completed training feedback form.
Comments: Department-level statistics only.
Recommendation: Add a short pre-read and a 15-min quiz.
Notes: Role-based labels only, such as Team Lead, Facility Coordinator, Procurement Ops, or IT Service Desk.";no;no;no;no;no;no;no;no;no;no;no;no;no;;0;easy;no;no;test;Clean negative sample.
DOC-0489;training_evaluation_clean_0489.pdf;Training Evaluation;SharePoint;Tom Nguyen;tom.nguyen@bosch.example;2025-06-16;2025-08-12;5,98;"Training Evaluation
Purpose: Evaluate training.
Name: ______
Course: ______
Rating: ______
Training Evaluation
Purpose: Evaluate training.
Comments: ______
Recommendation: ______
Notes: Department aggregate only; no named participant, employee, manager, reviewer, or contact person is included.";no;no;no;no;no;no;no;no;no;no;no;no;no;;0;easy;no;no;test;Clean negative sample.
DOC-0490;training_evaluation_clean_0490.pdf;Training Evaluation;SharePoint;Maria Schmidt;maria.schmidt@bosch.example;2025-07-23;2025-10-01;7,91;"Training Evaluation (Filled)
Purpose: Example of a completed training feedback form.
Participant: Aggregated response group
Course: Document Classification Workshop
Date: 23 Jul 2025
Content: 4/5
Trainer: 5/5
Material: 3/5
Training Evaluation (Filled) - Review
Purpose: Example of a completed training feedback form.
Comments: Department-level statistics only.
Recommendation: Add a short pre-read and a 15-min quiz.
Notes: Training results are aggregated by course and do not contain individual comments from a participant.";no;no;no;no;no;no;no;no;no;no;no;no;no;;0;easy;no;no;test;Clean negative sample.
DOC-0491;training_evaluation_clean_0491.pdf;Training Evaluation;OneDrive;Elena Hoffmann;elena.hoffmann@bosch.example;2025-08-29;2025-11-20;3,72;"Training Evaluation
Purpose: Evaluate training.
Name: ______
Course: ______
Rating: ______
Training Evaluation
Purpose: Evaluate training.
Comments: ______
Recommendation: ______
Notes: Role-based labels only, such as Team Lead, Facility Coordinator, Procurement Ops, or IT Service Desk.";no;no;no;no;no;no;no;no;no;no;no;no;no;;0;easy;no;no;test;Clean negative sample.
DOC-0492;training_evaluation_clean_0492.pdf;Training Evaluation;SharePoint;Lukas Weber;lukas.weber@bosch.example;2025-10-05;2026-01-09;0,75;"Training Evaluation
Purpose: Evaluate training.
Name: ______
Course: ______
Rating: ______
Training Evaluation
Purpose: Evaluate training.
Comments: ______
Recommendation: ______
Notes: Training results are aggregated by course and do not contain individual comments from a participant.";no;no;no;no;no;no;no;no;no;no;no;no;no;;0;easy;no;no;test;Clean negative sample.
DOC-0493;training_evaluation_clean_0493.pdf;Training Evaluation;SharePoint;Noah Becker;noah.becker@bosch.example;2025-11-11;2026-02-28;3,31;"Training Evaluation
Purpose: Evaluate training.
Name: ______
Course: ______
Rating: ______
Training Evaluation
Purpose: Evaluate training.
Comments: ______
Recommendation: ______
Notes: Blank template fields remain underscores only, matching the unfilled PDF examples.";no;no;no;no;no;no;no;no;no;no;no;no;no;;0;easy;no;no;test;Clean negative sample.
DOC-0494;training_evaluation_clean_0494.pdf;Training Evaluation;SharePoint;Maria Schmidt;maria.schmidt@bosch.example;2025-12-18;2026-04-19;0,31;"Training Evaluation (Filled)
Purpose: Example of a completed training feedback form.
Participant: Aggregated response group
Course: Data Protection Basics
Date: 18 Dec 2025
Content: 5/5
Trainer: 4/5
Material: 4/5
Training Evaluation (Filled) - Review
Purpose: Example of a completed training feedback form.
Comments: Department-level statistics only.
Recommendation: Repeat quarterly for new joiners.
Notes: Training results are aggregated by course and do not contain individual comments from a participant.";no;no;no;no;no;no;no;no;no;no;no;no;no;;0;easy;no;no;test;Clean negative sample.
DOC-0495;training_evaluation_clean_0495.pdf;Training Evaluation;HR Archive;Max Wagner;max.wagner@bosch.example;2026-01-24;2026-06-08;2,75;"Training Evaluation
Purpose: Evaluate training.
Name: ______
Course: ______
Rating: ______
Training Evaluation
Purpose: Evaluate training.
Comments: ______
Recommendation: ______
Notes: Training results are aggregated by course and do not contain individual comments from a participant.";no;no;no;no;no;no;no;no;no;no;no;no;no;;0;easy;no;no;test;Clean negative sample.
DOC-0496;training_evaluation_clean_0496.pdf;Training Evaluation;Teams Export;Jonas Fischer;jonas.fischer@bosch.example;2026-03-02;2026-07-28;3,99;"Training Evaluation (Filled)
Purpose: Example of a completed training feedback form.
Participant: Aggregated response group
Course: Document Classification Workshop
Date: 02 Mar 2026
Content: 4/5
Trainer: 5/5
Material: 3/5
Training Evaluation (Filled) - Review
Purpose: Example of a completed training feedback form.
Comments: Department-level statistics only.
Recommendation: Add a short pre-read and a 15-min quiz.
Notes: Department aggregate only; no named participant, employee, manager, reviewer, or contact person is included.";no;no;no;no;no;no;no;no;no;no;no;no;no;;0;easy;no;no;test;Clean negative sample.
DOC-0497;training_evaluation_clean_0497.pdf;Training Evaluation;Shared Drive;Elena Hoffmann;elena.hoffmann@bosch.example;2026-04-08;2026-09-16;7,46;"Training Evaluation (Filled)
Purpose: Example of a completed training feedback form.
Participant: Aggregated response group
Course: Data Protection Basics
Date: 08 Apr 2026
Content: 5/5
Trainer: 4/5
Material: 4/5
Training Evaluation (Filled) - Review
Purpose: Example of a completed training feedback form.
Comments: Department-level statistics only.
Recommendation: Repeat quarterly for new joiners.
Notes: Role-based labels only, such as Team Lead, Facility Coordinator, Procurement Ops, or IT Service Desk.";no;no;no;no;no;no;no;no;no;no;no;no;no;;0;easy;no;no;test;Clean negative sample.
DOC-0498;training_evaluation_clean_0498.pdf;Training Evaluation;HR Archive;Jonas Fischer;jonas.fischer@bosch.example;2020-01-27;2020-07-19;1,31;"Training Evaluation
Purpose: Evaluate training.
Name: ______
Course: ______
Rating: ______
Training Evaluation
Purpose: Evaluate training.
Comments: ______
Recommendation: ______
Notes: Training results are aggregated by course and do not contain individual comments from a participant.";no;no;no;no;no;no;no;no;no;no;no;no;no;;0;easy;no;yes;test;Clean negative sample.
DOC-0499;training_evaluation_clean_0499.pdf;Training Evaluation;Teams Export;Lukas Weber;lukas.weber@bosch.example;2020-03-04;2020-09-07;3,37;"Training Evaluation
Purpose: Evaluate training.
Name: ______
Course: ______
Rating: ______
Training Evaluation
Purpose: Evaluate training.
Comments: ______
Recommendation: ______
Notes: Training results are aggregated by course and do not contain individual comments from a participant.";no;no;no;no;no;no;no;no;no;no;no;no;no;;0;easy;no;yes;test;Clean negative sample.
DOC-0500;training_evaluation_clean_0500.pdf;Training Evaluation;Teams Export;Tom Nguyen;tom.nguyen@bosch.example;2020-04-10;2020-10-27;8,36;"Training Evaluation (Filled)
Purpose: Example of a completed training feedback form.
Participant: Aggregated response group
Course: Document Classification Workshop
Date: 10 Apr 2020
Content: 4/5
Trainer: 5/5
Material: 3/5
Training Evaluation (Filled) - Review
Purpose: Example of a completed training feedback form.
Comments: Department-level statistics only.
Recommendation: Add a short pre-read and a 15-min quiz.
Notes: Department aggregate only; no named participant, employee, manager, reviewer, or contact person is included.";no;no;no;no;no;no;no;no;no;no;no;no;no;;0;easy;no;yes;test;Clean negative sample.
